Workbook

Sheet INFO
A1: KETERSEDIAAN AIR METODE WEIBULL - Lola_Besar (Outlet)
A3: DAS / proyek | B3: Lola_Besar
A4: Elemen | B4: Outlet
A5: Luas tangkapan (km²) | B5: 73.2339
A6: Periode simulasi | B6: 2001-01-01 00:00 s/d 2026-01-01 00:00 (interval 1440 menit)
A7: Data debit harian | B7: 01-01-2001 s/d 31-12-2025 (9131 hari)
A8: Tahun lengkap (dipakai Weibull) | B8: 2001, 2002, 2003, 2004, 2005, 2006, 2007, 2008, 2009, 2010, 2011, 2012, 2013, 2014, 2015, 2016, 2017, 2018, 2019, 2020, 2021, 2022, 2023, 2024, 2025
A9: Syarat tahun lengkap | B9: setiap periode 15 harian punya minimal 10 hari data
A10: Tahun tidak lengkap | B10: -
A11: Hujan | B11: Hujan satelit terkalibrasi - Kalibrasi, pos Bula, Quantile mapping, mutu Baik
A12: Dibuat | B12: 21-10-2026 13:31 - HEC-HMS DAS Analyzer, menu Simulasi
A14: Catatan
A15: - WEIBULL_BULANAN / WEIBULL_15HARIAN: debit rata-rata bulanan / 15 harian tiap tahun lengkap diurutkan dari terbesar ke terkecil; peluang terlampaui P = m/(n+1); Q50, Q80, Q90, Q95 diinterpolasi linier antar peringkat.
A16: - ANDALAN_HARIAN: kurva durasi aliran dari DEBIT HARIAN (semua hari, dan per bulan - debit harian bulan itu dari semua tahun dikumpulkan) dengan peluang Weibull yang sama.
A17: - Semua angka turunan adalah rumus Excel yang merujuk lembar DEBIT_HARIAN (angka biru = hasil simulasi).
A18: - 15 harian: periode I = tanggal 1-15, periode II = tanggal 16 s/d akhir bulan.

Sheet WEIBULL_BULANAN
A1: DEBIT ANDALAN BULANAN (WEIBULL) - Outlet
A2: Debit rata-rata bulanan tiap tahun lengkap diurutkan dari terbesar; peluang terlampaui P = m / (n + 1) (Weibull). Q-P diinterpolasi linier antar peringkat.
A3: Jumlah tahun lengkap (n) | C3: =COUNT(DEBIT_BULANAN!$A$7:$A$31)
A5: Debit andalan | B5: Peluang P | C5: Jan | D5: Feb | E5: Mar | F5: Apr | G5: Mei | H5: Jun | I5: Jul | J5: Agu | K5: Sep | L5: Okt | M5: Nov | N5: Des
A6: Q50 (m³/s) | B6: 0.5 | C6: =IF($C$3<1,"",IF(INT($B6*($C$3+1))<1,LARGE(DEBIT_BULANAN!$B$7:$B$31,1),IF(INT($B6*($C$3+1))>=$C$3,LARGE(DEBIT_BULANAN!$B$7:$B$31,$C$3),LARGE(DEBIT_BULANAN!$B$7:$B$31,INT($B6*($C$3+1)))+($B6*($C$3+1)-INT($B6*($C$3+1)))*(LARGE(DEBIT_BULANAN!$B$7:$B$31,INT($B6*($C$3+1))+1)-LARGE(DEBIT_BULANAN!$B$7:$B$31,INT($B6*($C$3+1))))))) | D6: =IF($C$3<1,"",IF(INT($B6*($C$3+1))<1,LARGE(DEBIT_BULANAN!$C$7:$C$31,1),IF(INT($B6*($C$3+1))>=$C$3,LARGE(DEBIT_BULANAN!$C$7:$C$31,$C$3),LARGE(DEBIT_BULANAN!$C$7:$C$31,INT($B6*($C$3+1)))+($B6*($C$3+1)-INT($B6*($C$3+1)))*(LARGE(DEBIT_BULANAN!$C$7:$C$31,INT($B6*($C$3+1))+1)-LARGE(DEBIT_BULANAN!$C$7:$C$31,INT($B6*($C$3+1))))))) | E6: =IF($C$3<1,"",IF(INT($B6*($C$3+1))<1,LARGE(DEBIT_BULANAN!$D$7:$D$31,1),IF(INT($B6*($C$3+1))>=$C$3,LARGE(DEBIT_BULANAN!$D$7:$D$31,$C$3),LARGE(DEBIT_BULANAN!$D$7:$D$31,INT($B6*($C$3+1)))+($B6*($C$3+1)-INT($B6*($C$3+1)))*(LARGE(DEBIT_BULANAN!$D$7:$D$31,INT($B6*($C$3+1))+1)-LARGE(DEBIT_BULANAN!$D$7:$D$31,INT($B6*($C$3+1))))))) | F6: =IF($C$3<1,"",IF(INT($B6*($C$3+1))<1,LARGE(DEBIT_BULANAN!$E$7:$E$31,1),IF(INT($B6*($C$3+1))>=$C$3,LARGE(DEBIT_BULANAN!$E$7:$E$31,$C$3),LARGE(DEBIT_BULANAN!$E$7:$E$31,INT($B6*($C$3+1)))+($B6*($C$3+1)-INT($B6*($C$3+1)))*(LARGE(DEBIT_BULANAN!$E$7:$E$31,INT($B6*($C$3+1))+1)-LARGE(DEBIT_BULANAN!$E$7:$E$31,INT($B6*($C$3+1))))))) | G6: =IF($C$3<1,"",IF(INT($B6*($C$3+1))<1,LARGE(DEBIT_BULANAN!$F$7:$F$31,1),IF(INT($B6*($C$3+1))>=$C$3,LARGE(DEBIT_BULANAN!$F$7:$F$31,$C$3),LARGE(DEBIT_BULANAN!$F$7:$F$31,INT($B6*($C$3+1)))+($B6*($C$3+1)-INT($B6*($C$3+1)))*(LARGE(DEBIT_BULANAN!$F$7:$F$31,INT($B6*($C$3+1))+1)-LARGE(DEBIT_BULANAN!$F$7:$F$31,INT($B6*($C$3+1))))))) | H6: =IF($C$3<1,"",IF(INT($B6*($C$3+1))<1,LARGE(DEBIT_BULANAN!$G$7:$G$31,1),IF(INT($B6*($C$3+1))>=$C$3,LARGE(DEBIT_BULANAN!$G$7:$G$31,$C$3),LARGE(DEBIT_BULANAN!$G$7:$G$31,INT($B6*($C$3+1)))+($B6*($C$3+1)-INT($B6*($C$3+1)))*(LARGE(DEBIT_BULANAN!$G$7:$G$31,INT($B6*($C$3+1))+1)-LARGE(DEBIT_BULANAN!$G$7:$G$31,INT($B6*($C$3+1))))))) | I6: =IF($C$3<1,"",IF(INT($B6*($C$3+1))<1,LARGE(DEBIT_BULANAN!$H$7:$H$31,1),IF(INT($B6*($C$3+1))>=$C$3,LARGE(DEBIT_BULANAN!$H$7:$H$31,$C$3),LARGE(DEBIT_BULANAN!$H$7:$H$31,INT($B6*($C$3+1)))+($B6*($C$3+1)-INT($B6*($C$3+1)))*(LARGE(DEBIT_BULANAN!$H$7:$H$31,INT($B6*($C$3+1))+1)-LARGE(DEBIT_BULANAN!$H$7:$H$31,INT($B6*($C$3+1))))))) | J6: =IF($C$3<1,"",IF(INT($B6*($C$3+1))<1,LARGE(DEBIT_BULANAN!$I$7:$I$31,1),IF(INT($B6*($C$3+1))>=$C$3,LARGE(DEBIT_BULANAN!$I$7:$I$31,$C$3),LARGE(DEBIT_BULANAN!$I$7:$I$31,INT($B6*($C$3+1)))+($B6*($C$3+1)-INT($B6*($C$3+1)))*(LARGE(DEBIT_BULANAN!$I$7:$I$31,INT($B6*($C$3+1))+1)-LARGE(DEBIT_BULANAN!$I$7:$I$31,INT($B6*($C$3+1))))))) | K6: =IF($C$3<1,"",IF(INT($B6*($C$3+1))<1,LARGE(DEBIT_BULANAN!$J$7:$J$31,1),IF(INT($B6*($C$3+1))>=$C$3,LARGE(DEBIT_BULANAN!$J$7:$J$31,$C$3),LARGE(DEBIT_BULANAN!$J$7:$J$31,INT($B6*($C$3+1)))+($B6*($C$3+1)-INT($B6*($C$3+1)))*(LARGE(DEBIT_BULANAN!$J$7:$J$31,INT($B6*($C$3+1))+1)-LARGE(DEBIT_BULANAN!$J$7:$J$31,INT($B6*($C$3+1))))))) | L6: =IF($C$3<1,"",IF(INT($B6*($C$3+1))<1,LARGE(DEBIT_BULANAN!$K$7:$K$31,1),IF(INT($B6*($C$3+1))>=$C$3,LARGE(DEBIT_BULANAN!$K$7:$K$31,$C$3),LARGE(DEBIT_BULANAN!$K$7:$K$31,INT($B6*($C$3+1)))+($B6*($C$3+1)-INT($B6*($C$3+1)))*(LARGE(DEBIT_BULANAN!$K$7:$K$31,INT($B6*($C$3+1))+1)-LARGE(DEBIT_BULANAN!$K$7:$K$31,INT($B6*($C$3+1))))))) | M6: =IF($C$3<1,"",IF(INT($B6*($C$3+1))<1,LARGE(DEBIT_BULANAN!$L$7:$L$31,1),IF(INT($B6*($C$3+1))>=$C$3,LARGE(DEBIT_BULANAN!$L$7:$L$31,$C$3),LARGE(DEBIT_BULANAN!$L$7:$L$31,INT($B6*($C$3+1)))+($B6*($C$3+1)-INT($B6*($C$3+1)))*(LARGE(DEBIT_BULANAN!$L$7:$L$31,INT($B6*($C$3+1))+1)-LARGE(DEBIT_BULANAN!$L$7:$L$31,INT($B6*($C$3+1))))))) | N6: =IF($C$3<1,"",IF(INT($B6*($C$3+1))<1,LARGE(DEBIT_BULANAN!$M$7:$M$31,1),IF(INT($B6*($C$3+1))>=$C$3,LARGE(DEBIT_BULANAN!$M$7:$M$31,$C$3),LARGE(DEBIT_BULANAN!$M$7:$M$31,INT($B6*($C$3+1)))+($B6*($C$3+1)-INT($B6*($C$3+1)))*(LARGE(DEBIT_BULANAN!$M$7:$M$31,INT($B6*($C$3+1))+1)-LARGE(DEBIT_BULANAN!$M$7:$M$31,INT($B6*($C$3+1)))))))
A7: Q80 (m³/s) | B7: 0.8 | C7: =IF($C$3<1,"",IF(INT($B7*($C$3+1))<1,LARGE(DEBIT_BULANAN!$B$7:$B$31,1),IF(INT($B7*($C$3+1))>=$C$3,LARGE(DEBIT_BULANAN!$B$7:$B$31,$C$3),LARGE(DEBIT_BULANAN!$B$7:$B$31,INT($B7*($C$3+1)))+($B7*($C$3+1)-INT($B7*($C$3+1)))*(LARGE(DEBIT_BULANAN!$B$7:$B$31,INT($B7*($C$3+1))+1)-LARGE(DEBIT_BULANAN!$B$7:$B$31,INT($B7*($C$3+1))))))) | D7: =IF($C$3<1,"",IF(INT($B7*($C$3+1))<1,LARGE(DEBIT_BULANAN!$C$7:$C$31,1),IF(INT($B7*($C$3+1))>=$C$3,LARGE(DEBIT_BULANAN!$C$7:$C$31,$C$3),LARGE(DEBIT_BULANAN!$C$7:$C$31,INT($B7*($C$3+1)))+($B7*($C$3+1)-INT($B7*($C$3+1)))*(LARGE(DEBIT_BULANAN!$C$7:$C$31,INT($B7*($C$3+1))+1)-LARGE(DEBIT_BULANAN!$C$7:$C$31,INT($B7*($C$3+1))))))) | E7: =IF($C$3<1,"",IF(INT($B7*($C$3+1))<1,LARGE(DEBIT_BULANAN!$D$7:$D$31,1),IF(INT($B7*($C$3+1))>=$C$3,LARGE(DEBIT_BULANAN!$D$7:$D$31,$C$3),LARGE(DEBIT_BULANAN!$D$7:$D$31,INT($B7*($C$3+1)))+($B7*($C$3+1)-INT($B7*($C$3+1)))*(LARGE(DEBIT_BULANAN!$D$7:$D$31,INT($B7*($C$3+1))+1)-LARGE(DEBIT_BULANAN!$D$7:$D$31,INT($B7*($C$3+1))))))) | F7: =IF($C$3<1,"",IF(INT($B7*($C$3+1))<1,LARGE(DEBIT_BULANAN!$E$7:$E$31,1),IF(INT($B7*($C$3+1))>=$C$3,LARGE(DEBIT_BULANAN!$E$7:$E$31,$C$3),LARGE(DEBIT_BULANAN!$E$7:$E$31,INT($B7*($C$3+1)))+($B7*($C$3+1)-INT($B7*($C$3+1)))*(LARGE(DEBIT_BULANAN!$E$7:$E$31,INT($B7*($C$3+1))+1)-LARGE(DEBIT_BULANAN!$E$7:$E$31,INT($B7*($C$3+1))))))) | G7: =IF($C$3<1,"",IF(INT($B7*($C$3+1))<1,LARGE(DEBIT_BULANAN!$F$7:$F$31,1),IF(INT($B7*($C$3+1))>=$C$3,LARGE(DEBIT_BULANAN!$F$7:$F$31,$C$3),LARGE(DEBIT_BULANAN!$F$7:$F$31,INT($B7*($C$3+1)))+($B7*($C$3+1)-INT($B7*($C$3+1)))*(LARGE(DEBIT_BULANAN!$F$7:$F$31,INT($B7*($C$3+1))+1)-LARGE(DEBIT_BULANAN!$F$7:$F$31,INT($B7*($C$3+1))))))) | H7: =IF($C$3<1,"",IF(INT($B7*($C$3+1))<1,LARGE(DEBIT_BULANAN!$G$7:$G$31,1),IF(INT($B7*($C$3+1))>=$C$3,LARGE(DEBIT_BULANAN!$G$7:$G$31,$C$3),LARGE(DEBIT_BULANAN!$G$7:$G$31,INT($B7*($C$3+1)))+($B7*($C$3+1)-INT($B7*($C$3+1)))*(LARGE(DEBIT_BULANAN!$G$7:$G$31,INT($B7*($C$3+1))+1)-LARGE(DEBIT_BULANAN!$G$7:$G$31,INT($B7*($C$3+1))))))) | I7: =IF($C$3<1,"",IF(INT($B7*($C$3+1))<1,LARGE(DEBIT_BULANAN!$H$7:$H$31,1),IF(INT($B7*($C$3+1))>=$C$3,LARGE(DEBIT_BULANAN!$H$7:$H$31,$C$3),LARGE(DEBIT_BULANAN!$H$7:$H$31,INT($B7*($C$3+1)))+($B7*($C$3+1)-INT($B7*($C$3+1)))*(LARGE(DEBIT_BULANAN!$H$7:$H$31,INT($B7*($C$3+1))+1)-LARGE(DEBIT_BULANAN!$H$7:$H$31,INT($B7*($C$3+1))))))) | J7: =IF($C$3<1,"",IF(INT($B7*($C$3+1))<1,LARGE(DEBIT_BULANAN!$I$7:$I$31,1),IF(INT($B7*($C$3+1))>=$C$3,LARGE(DEBIT_BULANAN!$I$7:$I$31,$C$3),LARGE(DEBIT_BULANAN!$I$7:$I$31,INT($B7*($C$3+1)))+($B7*($C$3+1)-INT($B7*($C$3+1)))*(LARGE(DEBIT_BULANAN!$I$7:$I$31,INT($B7*($C$3+1))+1)-LARGE(DEBIT_BULANAN!$I$7:$I$31,INT($B7*($C$3+1))))))) | K7: =IF($C$3<1,"",IF(INT($B7*($C$3+1))<1,LARGE(DEBIT_BULANAN!$J$7:$J$31,1),IF(INT($B7*($C$3+1))>=$C$3,LARGE(DEBIT_BULANAN!$J$7:$J$31,$C$3),LARGE(DEBIT_BULANAN!$J$7:$J$31,INT($B7*($C$3+1)))+($B7*($C$3+1)-INT($B7*($C$3+1)))*(LARGE(DEBIT_BULANAN!$J$7:$J$31,INT($B7*($C$3+1))+1)-LARGE(DEBIT_BULANAN!$J$7:$J$31,INT($B7*($C$3+1))))))) | L7: =IF($C$3<1,"",IF(INT($B7*($C$3+1))<1,LARGE(DEBIT_BULANAN!$K$7:$K$31,1),IF(INT($B7*($C$3+1))>=$C$3,LARGE(DEBIT_BULANAN!$K$7:$K$31,$C$3),LARGE(DEBIT_BULANAN!$K$7:$K$31,INT($B7*($C$3+1)))+($B7*($C$3+1)-INT($B7*($C$3+1)))*(LARGE(DEBIT_BULANAN!$K$7:$K$31,INT($B7*($C$3+1))+1)-LARGE(DEBIT_BULANAN!$K$7:$K$31,INT($B7*($C$3+1))))))) | M7: =IF($C$3<1,"",IF(INT($B7*($C$3+1))<1,LARGE(DEBIT_BULANAN!$L$7:$L$31,1),IF(INT($B7*($C$3+1))>=$C$3,LARGE(DEBIT_BULANAN!$L$7:$L$31,$C$3),LARGE(DEBIT_BULANAN!$L$7:$L$31,INT($B7*($C$3+1)))+($B7*($C$3+1)-INT($B7*($C$3+1)))*(LARGE(DEBIT_BULANAN!$L$7:$L$31,INT($B7*($C$3+1))+1)-LARGE(DEBIT_BULANAN!$L$7:$L$31,INT($B7*($C$3+1))))))) | N7: =IF($C$3<1,"",IF(INT($B7*($C$3+1))<1,LARGE(DEBIT_BULANAN!$M$7:$M$31,1),IF(INT($B7*($C$3+1))>=$C$3,LARGE(DEBIT_BULANAN!$M$7:$M$31,$C$3),LARGE(DEBIT_BULANAN!$M$7:$M$31,INT($B7*($C$3+1)))+($B7*($C$3+1)-INT($B7*($C$3+1)))*(LARGE(DEBIT_BULANAN!$M$7:$M$31,INT($B7*($C$3+1))+1)-LARGE(DEBIT_BULANAN!$M$7:$M$31,INT($B7*($C$3+1)))))))
A8: Q90 (m³/s) | B8: 0.9 | C8: =IF($C$3<1,"",IF(INT($B8*($C$3+1))<1,LARGE(DEBIT_BULANAN!$B$7:$B$31,1),IF(INT($B8*($C$3+1))>=$C$3,LARGE(DEBIT_BULANAN!$B$7:$B$31,$C$3),LARGE(DEBIT_BULANAN!$B$7:$B$31,INT($B8*($C$3+1)))+($B8*($C$3+1)-INT($B8*($C$3+1)))*(LARGE(DEBIT_BULANAN!$B$7:$B$31,INT($B8*($C$3+1))+1)-LARGE(DEBIT_BULANAN!$B$7:$B$31,INT($B8*($C$3+1))))))) | D8: =IF($C$3<1,"",IF(INT($B8*($C$3+1))<1,LARGE(DEBIT_BULANAN!$C$7:$C$31,1),IF(INT($B8*($C$3+1))>=$C$3,LARGE(DEBIT_BULANAN!$C$7:$C$31,$C$3),LARGE(DEBIT_BULANAN!$C$7:$C$31,INT($B8*($C$3+1)))+($B8*($C$3+1)-INT($B8*($C$3+1)))*(LARGE(DEBIT_BULANAN!$C$7:$C$31,INT($B8*($C$3+1))+1)-LARGE(DEBIT_BULANAN!$C$7:$C$31,INT($B8*($C$3+1))))))) | E8: =IF($C$3<1,"",IF(INT($B8*($C$3+1))<1,LARGE(DEBIT_BULANAN!$D$7:$D$31,1),IF(INT($B8*($C$3+1))>=$C$3,LARGE(DEBIT_BULANAN!$D$7:$D$31,$C$3),LARGE(DEBIT_BULANAN!$D$7:$D$31,INT($B8*($C$3+1)))+($B8*($C$3+1)-INT($B8*($C$3+1)))*(LARGE(DEBIT_BULANAN!$D$7:$D$31,INT($B8*($C$3+1))+1)-LARGE(DEBIT_BULANAN!$D$7:$D$31,INT($B8*($C$3+1))))))) | F8: =IF($C$3<1,"",IF(INT($B8*($C$3+1))<1,LARGE(DEBIT_BULANAN!$E$7:$E$31,1),IF(INT($B8*($C$3+1))>=$C$3,LARGE(DEBIT_BULANAN!$E$7:$E$31,$C$3),LARGE(DEBIT_BULANAN!$E$7:$E$31,INT($B8*($C$3+1)))+($B8*($C$3+1)-INT($B8*($C$3+1)))*(LARGE(DEBIT_BULANAN!$E$7:$E$31,INT($B8*($C$3+1))+1)-LARGE(DEBIT_BULANAN!$E$7:$E$31,INT($B8*($C$3+1))))))) | G8: =IF($C$3<1,"",IF(INT($B8*($C$3+1))<1,LARGE(DEBIT_BULANAN!$F$7:$F$31,1),IF(INT($B8*($C$3+1))>=$C$3,LARGE(DEBIT_BULANAN!$F$7:$F$31,$C$3),LARGE(DEBIT_BULANAN!$F$7:$F$31,INT($B8*($C$3+1)))+($B8*($C$3+1)-INT($B8*($C$3+1)))*(LARGE(DEBIT_BULANAN!$F$7:$F$31,INT($B8*($C$3+1))+1)-LARGE(DEBIT_BULANAN!$F$7:$F$31,INT($B8*($C$3+1))))))) | H8: =IF($C$3<1,"",IF(INT($B8*($C$3+1))<1,LARGE(DEBIT_BULANAN!$G$7:$G$31,1),IF(INT($B8*($C$3+1))>=$C$3,LARGE(DEBIT_BULANAN!$G$7:$G$31,$C$3),LARGE(DEBIT_BULANAN!$G$7:$G$31,INT($B8*($C$3+1)))+($B8*($C$3+1)-INT($B8*($C$3+1)))*(LARGE(DEBIT_BULANAN!$G$7:$G$31,INT($B8*($C$3+1))+1)-LARGE(DEBIT_BULANAN!$G$7:$G$31,INT($B8*($C$3+1))))))) | I8: =IF($C$3<1,"",IF(INT($B8*($C$3+1))<1,LARGE(DEBIT_BULANAN!$H$7:$H$31,1),IF(INT($B8*($C$3+1))>=$C$3,LARGE(DEBIT_BULANAN!$H$7:$H$31,$C$3),LARGE(DEBIT_BULANAN!$H$7:$H$31,INT($B8*($C$3+1)))+($B8*($C$3+1)-INT($B8*($C$3+1)))*(LARGE(DEBIT_BULANAN!$H$7:$H$31,INT($B8*($C$3+1))+1)-LARGE(DEBIT_BULANAN!$H$7:$H$31,INT($B8*($C$3+1))))))) | J8: =IF($C$3<1,"",IF(INT($B8*($C$3+1))<1,LARGE(DEBIT_BULANAN!$I$7:$I$31,1),IF(INT($B8*($C$3+1))>=$C$3,LARGE(DEBIT_BULANAN!$I$7:$I$31,$C$3),LARGE(DEBIT_BULANAN!$I$7:$I$31,INT($B8*($C$3+1)))+($B8*($C$3+1)-INT($B8*($C$3+1)))*(LARGE(DEBIT_BULANAN!$I$7:$I$31,INT($B8*($C$3+1))+1)-LARGE(DEBIT_BULANAN!$I$7:$I$31,INT($B8*($C$3+1))))))) | K8: =IF($C$3<1,"",IF(INT($B8*($C$3+1))<1,LARGE(DEBIT_BULANAN!$J$7:$J$31,1),IF(INT($B8*($C$3+1))>=$C$3,LARGE(DEBIT_BULANAN!$J$7:$J$31,$C$3),LARGE(DEBIT_BULANAN!$J$7:$J$31,INT($B8*($C$3+1)))+($B8*($C$3+1)-INT($B8*($C$3+1)))*(LARGE(DEBIT_BULANAN!$J$7:$J$31,INT($B8*($C$3+1))+1)-LARGE(DEBIT_BULANAN!$J$7:$J$31,INT($B8*($C$3+1))))))) | L8: =IF($C$3<1,"",IF(INT($B8*($C$3+1))<1,LARGE(DEBIT_BULANAN!$K$7:$K$31,1),IF(INT($B8*($C$3+1))>=$C$3,LARGE(DEBIT_BULANAN!$K$7:$K$31,$C$3),LARGE(DEBIT_BULANAN!$K$7:$K$31,INT($B8*($C$3+1)))+($B8*($C$3+1)-INT($B8*($C$3+1)))*(LARGE(DEBIT_BULANAN!$K$7:$K$31,INT($B8*($C$3+1))+1)-LARGE(DEBIT_BULANAN!$K$7:$K$31,INT($B8*($C$3+1))))))) | M8: =IF($C$3<1,"",IF(INT($B8*($C$3+1))<1,LARGE(DEBIT_BULANAN!$L$7:$L$31,1),IF(INT($B8*($C$3+1))>=$C$3,LARGE(DEBIT_BULANAN!$L$7:$L$31,$C$3),LARGE(DEBIT_BULANAN!$L$7:$L$31,INT($B8*($C$3+1)))+($B8*($C$3+1)-INT($B8*($C$3+1)))*(LARGE(DEBIT_BULANAN!$L$7:$L$31,INT($B8*($C$3+1))+1)-LARGE(DEBIT_BULANAN!$L$7:$L$31,INT($B8*($C$3+1))))))) | N8: =IF($C$3<1,"",IF(INT($B8*($C$3+1))<1,LARGE(DEBIT_BULANAN!$M$7:$M$31,1),IF(INT($B8*($C$3+1))>=$C$3,LARGE(DEBIT_BULANAN!$M$7:$M$31,$C$3),LARGE(DEBIT_BULANAN!$M$7:$M$31,INT($B8*($C$3+1)))+($B8*($C$3+1)-INT($B8*($C$3+1)))*(LARGE(DEBIT_BULANAN!$M$7:$M$31,INT($B8*($C$3+1))+1)-LARGE(DEBIT_BULANAN!$M$7:$M$31,INT($B8*($C$3+1)))))))
A9: Q95 (m³/s) | B9: 0.95 | C9: =IF($C$3<1,"",IF(INT($B9*($C$3+1))<1,LARGE(DEBIT_BULANAN!$B$7:$B$31,1),IF(INT($B9*($C$3+1))>=$C$3,LARGE(DEBIT_BULANAN!$B$7:$B$31,$C$3),LARGE(DEBIT_BULANAN!$B$7:$B$31,INT($B9*($C$3+1)))+($B9*($C$3+1)-INT($B9*($C$3+1)))*(LARGE(DEBIT_BULANAN!$B$7:$B$31,INT($B9*($C$3+1))+1)-LARGE(DEBIT_BULANAN!$B$7:$B$31,INT($B9*($C$3+1))))))) | D9: =IF($C$3<1,"",IF(INT($B9*($C$3+1))<1,LARGE(DEBIT_BULANAN!$C$7:$C$31,1),IF(INT($B9*($C$3+1))>=$C$3,LARGE(DEBIT_BULANAN!$C$7:$C$31,$C$3),LARGE(DEBIT_BULANAN!$C$7:$C$31,INT($B9*($C$3+1)))+($B9*($C$3+1)-INT($B9*($C$3+1)))*(LARGE(DEBIT_BULANAN!$C$7:$C$31,INT($B9*($C$3+1))+1)-LARGE(DEBIT_BULANAN!$C$7:$C$31,INT($B9*($C$3+1))))))) | E9: =IF($C$3<1,"",IF(INT($B9*($C$3+1))<1,LARGE(DEBIT_BULANAN!$D$7:$D$31,1),IF(INT($B9*($C$3+1))>=$C$3,LARGE(DEBIT_BULANAN!$D$7:$D$31,$C$3),LARGE(DEBIT_BULANAN!$D$7:$D$31,INT($B9*($C$3+1)))+($B9*($C$3+1)-INT($B9*($C$3+1)))*(LARGE(DEBIT_BULANAN!$D$7:$D$31,INT($B9*($C$3+1))+1)-LARGE(DEBIT_BULANAN!$D$7:$D$31,INT($B9*($C$3+1))))))) | F9: =IF($C$3<1,"",IF(INT($B9*($C$3+1))<1,LARGE(DEBIT_BULANAN!$E$7:$E$31,1),IF(INT($B9*($C$3+1))>=$C$3,LARGE(DEBIT_BULANAN!$E$7:$E$31,$C$3),LARGE(DEBIT_BULANAN!$E$7:$E$31,INT($B9*($C$3+1)))+($B9*($C$3+1)-INT($B9*($C$3+1)))*(LARGE(DEBIT_BULANAN!$E$7:$E$31,INT($B9*($C$3+1))+1)-LARGE(DEBIT_BULANAN!$E$7:$E$31,INT($B9*($C$3+1))))))) | G9: =IF($C$3<1,"",IF(INT($B9*($C$3+1))<1,LARGE(DEBIT_BULANAN!$F$7:$F$31,1),IF(INT($B9*($C$3+1))>=$C$3,LARGE(DEBIT_BULANAN!$F$7:$F$31,$C$3),LARGE(DEBIT_BULANAN!$F$7:$F$31,INT($B9*($C$3+1)))+($B9*($C$3+1)-INT($B9*($C$3+1)))*(LARGE(DEBIT_BULANAN!$F$7:$F$31,INT($B9*($C$3+1))+1)-LARGE(DEBIT_BULANAN!$F$7:$F$31,INT($B9*($C$3+1))))))) | H9: =IF($C$3<1,"",IF(INT($B9*($C$3+1))<1,LARGE(DEBIT_BULANAN!$G$7:$G$31,1),IF(INT($B9*($C$3+1))>=$C$3,LARGE(DEBIT_BULANAN!$G$7:$G$31,$C$3),LARGE(DEBIT_BULANAN!$G$7:$G$31,INT($B9*($C$3+1)))+($B9*($C$3+1)-INT($B9*($C$3+1)))*(LARGE(DEBIT_BULANAN!$G$7:$G$31,INT($B9*($C$3+1))+1)-LARGE(DEBIT_BULANAN!$G$7:$G$31,INT($B9*($C$3+1))))))) | I9: =IF($C$3<1,"",IF(INT($B9*($C$3+1))<1,LARGE(DEBIT_BULANAN!$H$7:$H$31,1),IF(INT($B9*($C$3+1))>=$C$3,LARGE(DEBIT_BULANAN!$H$7:$H$31,$C$3),LARGE(DEBIT_BULANAN!$H$7:$H$31,INT($B9*($C$3+1)))+($B9*($C$3+1)-INT($B9*($C$3+1)))*(LARGE(DEBIT_BULANAN!$H$7:$H$31,INT($B9*($C$3+1))+1)-LARGE(DEBIT_BULANAN!$H$7:$H$31,INT($B9*($C$3+1))))))) | J9: =IF($C$3<1,"",IF(INT($B9*($C$3+1))<1,LARGE(DEBIT_BULANAN!$I$7:$I$31,1),IF(INT($B9*($C$3+1))>=$C$3,LARGE(DEBIT_BULANAN!$I$7:$I$31,$C$3),LARGE(DEBIT_BULANAN!$I$7:$I$31,INT($B9*($C$3+1)))+($B9*($C$3+1)-INT($B9*($C$3+1)))*(LARGE(DEBIT_BULANAN!$I$7:$I$31,INT($B9*($C$3+1))+1)-LARGE(DEBIT_BULANAN!$I$7:$I$31,INT($B9*($C$3+1))))))) | K9: =IF($C$3<1,"",IF(INT($B9*($C$3+1))<1,LARGE(DEBIT_BULANAN!$J$7:$J$31,1),IF(INT($B9*($C$3+1))>=$C$3,LARGE(DEBIT_BULANAN!$J$7:$J$31,$C$3),LARGE(DEBIT_BULANAN!$J$7:$J$31,INT($B9*($C$3+1)))+($B9*($C$3+1)-INT($B9*($C$3+1)))*(LARGE(DEBIT_BULANAN!$J$7:$J$31,INT($B9*($C$3+1))+1)-LARGE(DEBIT_BULANAN!$J$7:$J$31,INT($B9*($C$3+1))))))) | L9: =IF($C$3<1,"",IF(INT($B9*($C$3+1))<1,LARGE(DEBIT_BULANAN!$K$7:$K$31,1),IF(INT($B9*($C$3+1))>=$C$3,LARGE(DEBIT_BULANAN!$K$7:$K$31,$C$3),LARGE(DEBIT_BULANAN!$K$7:$K$31,INT($B9*($C$3+1)))+($B9*($C$3+1)-INT($B9*($C$3+1)))*(LARGE(DEBIT_BULANAN!$K$7:$K$31,INT($B9*($C$3+1))+1)-LARGE(DEBIT_BULANAN!$K$7:$K$31,INT($B9*($C$3+1))))))) | M9: =IF($C$3<1,"",IF(INT($B9*($C$3+1))<1,LARGE(DEBIT_BULANAN!$L$7:$L$31,1),IF(INT($B9*($C$3+1))>=$C$3,LARGE(DEBIT_BULANAN!$L$7:$L$31,$C$3),LARGE(DEBIT_BULANAN!$L$7:$L$31,INT($B9*($C$3+1)))+($B9*($C$3+1)-INT($B9*($C$3+1)))*(LARGE(DEBIT_BULANAN!$L$7:$L$31,INT($B9*($C$3+1))+1)-LARGE(DEBIT_BULANAN!$L$7:$L$31,INT($B9*($C$3+1))))))) | N9: =IF($C$3<1,"",IF(INT($B9*($C$3+1))<1,LARGE(DEBIT_BULANAN!$M$7:$M$31,1),IF(INT($B9*($C$3+1))>=$C$3,LARGE(DEBIT_BULANAN!$M$7:$M$31,$C$3),LARGE(DEBIT_BULANAN!$M$7:$M$31,INT($B9*($C$3+1)))+($B9*($C$3+1)-INT($B9*($C$3+1)))*(LARGE(DEBIT_BULANAN!$M$7:$M$31,INT($B9*($C$3+1))+1)-LARGE(DEBIT_BULANAN!$M$7:$M$31,INT($B9*($C$3+1)))))))
A10: Rata-rata (m³/s) | C10: =IFERROR(AVERAGE(DEBIT_BULANAN!$B$7:$B$31),"") | D10: =IFERROR(AVERAGE(DEBIT_BULANAN!$C$7:$C$31),"") | E10: =IFERROR(AVERAGE(DEBIT_BULANAN!$D$7:$D$31),"") | F10: =IFERROR(AVERAGE(DEBIT_BULANAN!$E$7:$E$31),"") | G10: =IFERROR(AVERAGE(DEBIT_BULANAN!$F$7:$F$31),"") | H10: =IFERROR(AVERAGE(DEBIT_BULANAN!$G$7:$G$31),"") | I10: =IFERROR(AVERAGE(DEBIT_BULANAN!$H$7:$H$31),"") | J10: =IFERROR(AVERAGE(DEBIT_BULANAN!$I$7:$I$31),"") | K10: =IFERROR(AVERAGE(DEBIT_BULANAN!$J$7:$J$31),"") | L10: =IFERROR(AVERAGE(DEBIT_BULANAN!$K$7:$K$31),"") | M10: =IFERROR(AVERAGE(DEBIT_BULANAN!$L$7:$L$31),"") | N10: =IFERROR(AVERAGE(DEBIT_BULANAN!$M$7:$M$31),"")
A11: Q50 = debit normal; Q80 = debit andalan irigasi; Q90 = air baku / domestik; Q95 = aliran pemeliharaan sungai (acuan umum, sesuaikan dengan pedoman yang Anda pakai).
A33: Peringkat Weibull (debit bulanan diurutkan dari terbesar)
A34: Peringkat m | B34: P = m/(n+1) | C34: Jan | D34: Feb | E34: Mar | F34: Apr | G34: Mei | H34: Jun | I34: Jul | J34: Agu | K34: Sep | L34: Okt | M34: Nov | N34: Des
A35: 1 | B35: =IF(A35>$C$3,"",A35/($C$3+1)) | C35: =IF($A35>$C$3,"",LARGE(DEBIT_BULANAN!$B$7:$B$31,$A35)) | D35: =IF($A35>$C$3,"",LARGE(DEBIT_BULANAN!$C$7:$C$31,$A35)) | E35: =IF($A35>$C$3,"",LARGE(DEBIT_BULANAN!$D$7:$D$31,$A35)) | F35: =IF($A35>$C$3,"",LARGE(DEBIT_BULANAN!$E$7:$E$31,$A35)) | G35: =IF($A35>$C$3,"",LARGE(DEBIT_BULANAN!$F$7:$F$31,$A35)) | H35: =IF($A35>$C$3,"",LARGE(DEBIT_BULANAN!$G$7:$G$31,$A35)) | I35: =IF($A35>$C$3,"",LARGE(DEBIT_BULANAN!$H$7:$H$31,$A35)) | J35: =IF($A35>$C$3,"",LARGE(DEBIT_BULANAN!$I$7:$I$31,$A35)) | K35: =IF($A35>$C$3,"",LARGE(DEBIT_BULANAN!$J$7:$J$31,$A35)) | L35: =IF($A35>$C$3,"",LARGE(DEBIT_BULANAN!$K$7:$K$31,$A35)) | M35: =IF($A35>$C$3,"",LARGE(DEBIT_BULANAN!$L$7:$L$31,$A35)) | N35: =IF($A35>$C$3,"",LARGE(DEBIT_BULANAN!$M$7:$M$31,$A35))
A36: 2 | B36: =IF(A36>$C$3,"",A36/($C$3+1)) | C36: =IF($A36>$C$3,"",LARGE(DEBIT_BULANAN!$B$7:$B$31,$A36)) | D36: =IF($A36>$C$3,"",LARGE(DEBIT_BULANAN!$C$7:$C$31,$A36)) | E36: =IF($A36>$C$3,"",LARGE(DEBIT_BULANAN!$D$7:$D$31,$A36)) | F36: =IF($A36>$C$3,"",LARGE(DEBIT_BULANAN!$E$7:$E$31,$A36)) | G36: =IF($A36>$C$3,"",LARGE(DEBIT_BULANAN!$F$7:$F$31,$A36)) | H36: =IF($A36>$C$3,"",LARGE(DEBIT_BULANAN!$G$7:$G$31,$A36)) | I36: =IF($A36>$C$3,"",LARGE(DEBIT_BULANAN!$H$7:$H$31,$A36)) | J36: =IF($A36>$C$3,"",LARGE(DEBIT_BULANAN!$I$7:$I$31,$A36)) | K36: =IF($A36>$C$3,"",LARGE(DEBIT_BULANAN!$J$7:$J$31,$A36)) | L36: =IF($A36>$C$3,"",LARGE(DEBIT_BULANAN!$K$7:$K$31,$A36)) | M36: =IF($A36>$C$3,"",LARGE(DEBIT_BULANAN!$L$7:$L$31,$A36)) | N36: =IF($A36>$C$3,"",LARGE(DEBIT_BULANAN!$M$7:$M$31,$A36))
A37: 3 | B37: =IF(A37>$C$3,"",A37/($C$3+1)) | C37: =IF($A37>$C$3,"",LARGE(DEBIT_BULANAN!$B$7:$B$31,$A37)) | D37: =IF($A37>$C$3,"",LARGE(DEBIT_BULANAN!$C$7:$C$31,$A37)) | E37: =IF($A37>$C$3,"",LARGE(DEBIT_BULANAN!$D$7:$D$31,$A37)) | F37: =IF($A37>$C$3,"",LARGE(DEBIT_BULANAN!$E$7:$E$31,$A37)) | G37: =IF($A37>$C$3,"",LARGE(DEBIT_BULANAN!$F$7:$F$31,$A37)) | H37: =IF($A37>$C$3,"",LARGE(DEBIT_BULANAN!$G$7:$G$31,$A37)) | I37: =IF($A37>$C$3,"",LARGE(DEBIT_BULANAN!$H$7:$H$31,$A37)) | J37: =IF($A37>$C$3,"",LARGE(DEBIT_BULANAN!$I$7:$I$31,$A37)) | K37: =IF($A37>$C$3,"",LARGE(DEBIT_BULANAN!$J$7:$J$31,$A37)) | L37: =IF($A37>$C$3,"",LARGE(DEBIT_BULANAN!$K$7:$K$31,$A37)) | M37: =IF($A37>$C$3,"",LARGE(DEBIT_BULANAN!$L$7:$L$31,$A37)) | N37: =IF($A37>$C$3,"",LARGE(DEBIT_BULANAN!$M$7:$M$31,$A37))
A38: 4 | B38: =IF(A38>$C$3,"",A38/($C$3+1)) | C38: =IF($A38>$C$3,"",LARGE(DEBIT_BULANAN!$B$7:$B$31,$A38)) | D38: =IF($A38>$C$3,"",LARGE(DEBIT_BULANAN!$C$7:$C$31,$A38)) | E38: =IF($A38>$C$3,"",LARGE(DEBIT_BULANAN!$D$7:$D$31,$A38)) | F38: =IF($A38>$C$3,"",LARGE(DEBIT_BULANAN!$E$7:$E$31,$A38)) | G38: =IF($A38>$C$3,"",LARGE(DEBIT_BULANAN!$F$7:$F$31,$A38)) | H38: =IF($A38>$C$3,"",LARGE(DEBIT_BULANAN!$G$7:$G$31,$A38)) | I38: =IF($A38>$C$3,"",LARGE(DEBIT_BULANAN!$H$7:$H$31,$A38)) | J38: =IF($A38>$C$3,"",LARGE(DEBIT_BULANAN!$I$7:$I$31,$A38)) | K38: =IF($A38>$C$3,"",LARGE(DEBIT_BULANAN!$J$7:$J$31,$A38)) | L38: =IF($A38>$C$3,"",LARGE(DEBIT_BULANAN!$K$7:$K$31,$A38)) | M38: =IF($A38>$C$3,"",LARGE(DEBIT_BULANAN!$L$7:$L$31,$A38)) | N38: =IF($A38>$C$3,"",LARGE(DEBIT_BULANAN!$M$7:$M$31,$A38))
A39: 5 | B39: =IF(A39>$C$3,"",A39/($C$3+1)) | C39: =IF($A39>$C$3,"",LARGE(DEBIT_BULANAN!$B$7:$B$31,$A39)) | D39: =IF($A39>$C$3,"",LARGE(DEBIT_BULANAN!$C$7:$C$31,$A39)) | E39: =IF($A39>$C$3,"",LARGE(DEBIT_BULANAN!$D$7:$D$31,$A39)) | F39: =IF($A39>$C$3,"",LARGE(DEBIT_BULANAN!$E$7:$E$31,$A39)) | G39: =IF($A39>$C$3,"",LARGE(DEBIT_BULANAN!$F$7:$F$31,$A39)) | H39: =IF($A39>$C$3,"",LARGE(DEBIT_BULANAN!$G$7:$G$31,$A39)) | I39: =IF($A39>$C$3,"",LARGE(DEBIT_BULANAN!$H$7:$H$31,$A39)) | J39: =IF($A39>$C$3,"",LARGE(DEBIT_BULANAN!$I$7:$I$31,$A39)) | K39: =IF($A39>$C$3,"",LARGE(DEBIT_BULANAN!$J$7:$J$31,$A39)) | L39: =IF($A39>$C$3,"",LARGE(DEBIT_BULANAN!$K$7:$K$31,$A39)) | M39: =IF($A39>$C$3,"",LARGE(DEBIT_BULANAN!$L$7:$L$31,$A39)) | N39: =IF($A39>$C$3,"",LARGE(DEBIT_BULANAN!$M$7:$M$31,$A39))
A40: 6 | B40: =IF(A40>$C$3,"",A40/($C$3+1)) | C40: =IF($A40>$C$3,"",LARGE(DEBIT_BULANAN!$B$7:$B$31,$A40)) | D40: =IF($A40>$C$3,"",LARGE(DEBIT_BULANAN!$C$7:$C$31,$A40)) | E40: =IF($A40>$C$3,"",LARGE(DEBIT_BULANAN!$D$7:$D$31,$A40)) | F40: =IF($A40>$C$3,"",LARGE(DEBIT_BULANAN!$E$7:$E$31,$A40)) | G40: =IF($A40>$C$3,"",LARGE(DEBIT_BULANAN!$F$7:$F$31,$A40)) | H40: =IF($A40>$C$3,"",LARGE(DEBIT_BULANAN!$G$7:$G$31,$A40)) | I40: =IF($A40>$C$3,"",LARGE(DEBIT_BULANAN!$H$7:$H$31,$A40)) | J40: =IF($A40>$C$3,"",LARGE(DEBIT_BULANAN!$I$7:$I$31,$A40)) | K40: =IF($A40>$C$3,"",LARGE(DEBIT_BULANAN!$J$7:$J$31,$A40)) | L40: =IF($A40>$C$3,"",LARGE(DEBIT_BULANAN!$K$7:$K$31,$A40)) | M40: =IF($A40>$C$3,"",LARGE(DEBIT_BULANAN!$L$7:$L$31,$A40)) | N40: =IF($A40>$C$3,"",LARGE(DEBIT_BULANAN!$M$7:$M$31,$A40))
A41: 7 | B41: =IF(A41>$C$3,"",A41/($C$3+1)) | C41: =IF($A41>$C$3,"",LARGE(DEBIT_BULANAN!$B$7:$B$31,$A41)) | D41: =IF($A41>$C$3,"",LARGE(DEBIT_BULANAN!$C$7:$C$31,$A41)) | E41: =IF($A41>$C$3,"",LARGE(DEBIT_BULANAN!$D$7:$D$31,$A41)) | F41: =IF($A41>$C$3,"",LARGE(DEBIT_BULANAN!$E$7:$E$31,$A41)) | G41: =IF($A41>$C$3,"",LARGE(DEBIT_BULANAN!$F$7:$F$31,$A41)) | H41: =IF($A41>$C$3,"",LARGE(DEBIT_BULANAN!$G$7:$G$31,$A41)) | I41: =IF($A41>$C$3,"",LARGE(DEBIT_BULANAN!$H$7:$H$31,$A41)) | J41: =IF($A41>$C$3,"",LARGE(DEBIT_BULANAN!$I$7:$I$31,$A41)) | K41: =IF($A41>$C$3,"",LARGE(DEBIT_BULANAN!$J$7:$J$31,$A41)) | L41: =IF($A41>$C$3,"",LARGE(DEBIT_BULANAN!$K$7:$K$31,$A41)) | M41: =IF($A41>$C$3,"",LARGE(DEBIT_BULANAN!$L$7:$L$31,$A41)) | N41: =IF($A41>$C$3,"",LARGE(DEBIT_BULANAN!$M$7:$M$31,$A41))
A42: 8 | B42: =IF(A42>$C$3,"",A42/($C$3+1)) | C42: =IF($A42>$C$3,"",LARGE(DEBIT_BULANAN!$B$7:$B$31,$A42)) | D42: =IF($A42>$C$3,"",LARGE(DEBIT_BULANAN!$C$7:$C$31,$A42)) | E42: =IF($A42>$C$3,"",LARGE(DEBIT_BULANAN!$D$7:$D$31,$A42)) | F42: =IF($A42>$C$3,"",LARGE(DEBIT_BULANAN!$E$7:$E$31,$A42)) | G42: =IF($A42>$C$3,"",LARGE(DEBIT_BULANAN!$F$7:$F$31,$A42)) | H42: =IF($A42>$C$3,"",LARGE(DEBIT_BULANAN!$G$7:$G$31,$A42)) | I42: =IF($A42>$C$3,"",LARGE(DEBIT_BULANAN!$H$7:$H$31,$A42)) | J42: =IF($A42>$C$3,"",LARGE(DEBIT_BULANAN!$I$7:$I$31,$A42)) | K42: =IF($A42>$C$3,"",LARGE(DEBIT_BULANAN!$J$7:$J$31,$A42)) | L42: =IF($A42>$C$3,"",LARGE(DEBIT_BULANAN!$K$7:$K$31,$A42)) | M42: =IF($A42>$C$3,"",LARGE(DEBIT_BULANAN!$L$7:$L$31,$A42)) | N42: =IF($A42>$C$3,"",LARGE(DEBIT_BULANAN!$M$7:$M$31,$A42))
A43: 9 | B43: =IF(A43>$C$3,"",A43/($C$3+1)) | C43: =IF($A43>$C$3,"",LARGE(DEBIT_BULANAN!$B$7:$B$31,$A43)) | D43: =IF($A43>$C$3,"",LARGE(DEBIT_BULANAN!$C$7:$C$31,$A43)) | E43: =IF($A43>$C$3,"",LARGE(DEBIT_BULANAN!$D$7:$D$31,$A43)) | F43: =IF($A43>$C$3,"",LARGE(DEBIT_BULANAN!$E$7:$E$31,$A43)) | G43: =IF($A43>$C$3,"",LARGE(DEBIT_BULANAN!$F$7:$F$31,$A43)) | H43: =IF($A43>$C$3,"",LARGE(DEBIT_BULANAN!$G$7:$G$31,$A43)) | I43: =IF($A43>$C$3,"",LARGE(DEBIT_BULANAN!$H$7:$H$31,$A43)) | J43: =IF($A43>$C$3,"",LARGE(DEBIT_BULANAN!$I$7:$I$31,$A43)) | K43: =IF($A43>$C$3,"",LARGE(DEBIT_BULANAN!$J$7:$J$31,$A43)) | L43: =IF($A43>$C$3,"",LARGE(DEBIT_BULANAN!$K$7:$K$31,$A43)) | M43: =IF($A43>$C$3,"",LARGE(DEBIT_BULANAN!$L$7:$L$31,$A43)) | N43: =IF($A43>$C$3,"",LARGE(DEBIT_BULANAN!$M$7:$M$31,$A43))
A44: 10 | B44: =IF(A44>$C$3,"",A44/($C$3+1)) | C44: =IF($A44>$C$3,"",LARGE(DEBIT_BULANAN!$B$7:$B$31,$A44)) | D44: =IF($A44>$C$3,"",LARGE(DEBIT_BULANAN!$C$7:$C$31,$A44)) | E44: =IF($A44>$C$3,"",LARGE(DEBIT_BULANAN!$D$7:$D$31,$A44)) | F44: =IF($A44>$C$3,"",LARGE(DEBIT_BULANAN!$E$7:$E$31,$A44)) | G44: =IF($A44>$C$3,"",LARGE(DEBIT_BULANAN!$F$7:$F$31,$A44)) | H44: =IF($A44>$C$3,"",LARGE(DEBIT_BULANAN!$G$7:$G$31,$A44)) | I44: =IF($A44>$C$3,"",LARGE(DEBIT_BULANAN!$H$7:$H$31,$A44)) | J44: =IF($A44>$C$3,"",LARGE(DEBIT_BULANAN!$I$7:$I$31,$A44)) | K44: =IF($A44>$C$3,"",LARGE(DEBIT_BULANAN!$J$7:$J$31,$A44)) | L44: =IF($A44>$C$3,"",LARGE(DEBIT_BULANAN!$K$7:$K$31,$A44)) | M44: =IF($A44>$C$3,"",LARGE(DEBIT_BULANAN!$L$7:$L$31,$A44)) | N44: =IF($A44>$C$3,"",LARGE(DEBIT_BULANAN!$M$7:$M$31,$A44))
A45: 11 | B45: =IF(A45>$C$3,"",A45/($C$3+1)) | C45: =IF($A45>$C$3,"",LARGE(DEBIT_BULANAN!$B$7:$B$31,$A45)) | D45: =IF($A45>$C$3,"",LARGE(DEBIT_BULANAN!$C$7:$C$31,$A45)) | E45: =IF($A45>$C$3,"",LARGE(DEBIT_BULANAN!$D$7:$D$31,$A45)) | F45: =IF($A45>$C$3,"",LARGE(DEBIT_BULANAN!$E$7:$E$31,$A45)) | G45: =IF($A45>$C$3,"",LARGE(DEBIT_BULANAN!$F$7:$F$31,$A45)) | H45: =IF($A45>$C$3,"",LARGE(DEBIT_BULANAN!$G$7:$G$31,$A45)) | I45: =IF($A45>$C$3,"",LARGE(DEBIT_BULANAN!$H$7:$H$31,$A45)) | J45: =IF($A45>$C$3,"",LARGE(DEBIT_BULANAN!$I$7:$I$31,$A45)) | K45: =IF($A45>$C$3,"",LARGE(DEBIT_BULANAN!$J$7:$J$31,$A45)) | L45: =IF($A45>$C$3,"",LARGE(DEBIT_BULANAN!$K$7:$K$31,$A45)) | M45: =IF($A45>$C$3,"",LARGE(DEBIT_BULANAN!$L$7:$L$31,$A45)) | N45: =IF($A45>$C$3,"",LARGE(DEBIT_BULANAN!$M$7:$M$31,$A45))
A46: 12 | B46: =IF(A46>$C$3,"",A46/($C$3+1)) | C46: =IF($A46>$C$3,"",LARGE(DEBIT_BULANAN!$B$7:$B$31,$A46)) | D46: =IF($A46>$C$3,"",LARGE(DEBIT_BULANAN!$C$7:$C$31,$A46)) | E46: =IF($A46>$C$3,"",LARGE(DEBIT_BULANAN!$D$7:$D$31,$A46)) | F46: =IF($A46>$C$3,"",LARGE(DEBIT_BULANAN!$E$7:$E$31,$A46)) | G46: =IF($A46>$C$3,"",LARGE(DEBIT_BULANAN!$F$7:$F$31,$A46)) | H46: =IF($A46>$C$3,"",LARGE(DEBIT_BULANAN!$G$7:$G$31,$A46)) | I46: =IF($A46>$C$3,"",LARGE(DEBIT_BULANAN!$H$7:$H$31,$A46)) | J46: =IF($A46>$C$3,"",LARGE(DEBIT_BULANAN!$I$7:$I$31,$A46)) | K46: =IF($A46>$C$3,"",LARGE(DEBIT_BULANAN!$J$7:$J$31,$A46)) | L46: =IF($A46>$C$3,"",LARGE(DEBIT_BULANAN!$K$7:$K$31,$A46)) | M46: =IF($A46>$C$3,"",LARGE(DEBIT_BULANAN!$L$7:$L$31,$A46)) | N46: =IF($A46>$C$3,"",LARGE(DEBIT_BULANAN!$M$7:$M$31,$A46))
... A59: 25 | B59: =IF(A59>$C$3,"",A59/($C$3+1)) | C59: =IF($A59>$C$3,"",LARGE(DEBIT_BULANAN!$B$7:$B$31,$A59)) | D59: =IF($A59>$C$3,"",LARGE(DEBIT_BULANAN!$C$7:$C$31,$A59)) | E59: =IF($A59>$C$3,"",LARGE(DEBIT_BULANAN!$D$7:$D$31,$A59)) | F59: =IF($A59>$C$3,"",LARGE(DEBIT_BULANAN!$E$7:$E$31,$A59)) | G59: =IF($A59>$C$3,"",LARGE(DEBIT_BULANAN!$F$7:$F$31,$A59)) | H59: =IF($A59>$C$3,"",LARGE(DEBIT_BULANAN!$G$7:$G$31,$A59)) | I59: =IF($A59>$C$3,"",LARGE(DEBIT_BULANAN!$H$7:$H$31,$A59)) | J59: =IF($A59>$C$3,"",LARGE(DEBIT_BULANAN!$I$7:$I$31,$A59)) | K59: =IF($A59>$C$3,"",LARGE(DEBIT_BULANAN!$J$7:$J$31,$A59)) | L59: =IF($A59>$C$3,"",LARGE(DEBIT_BULANAN!$K$7:$K$31,$A59)) | M59: =IF($A59>$C$3,"",LARGE(DEBIT_BULANAN!$L$7:$L$31,$A59)) | N59: =IF($A59>$C$3,"",LARGE(DEBIT_BULANAN!$M$7:$M$31,$A59))

Sheet WEIBULL_15HARIAN
A1: DEBIT ANDALAN 15 HARIAN (WEIBULL) - Outlet
A2: Debit rata-rata 15 harian tiap tahun lengkap diurutkan dari terbesar; peluang terlampaui P = m / (n + 1) (Weibull). Q-P diinterpolasi linier antar peringkat.
A3: Jumlah tahun lengkap (n) | C3: =COUNT(DEBIT_15HARIAN!$A$7:$A$31)
A5: Debit andalan | B5: Peluang P | C5: Jan I | D5: Jan II | E5: Feb I | F5: Feb II | G5: Mar I | H5: Mar II | I5: Apr I | J5: Apr II | K5: Mei I | L5: Mei II | M5: Jun I | N5: Jun II | O5: Jul I | P5: Jul II | Q5: Agu I | R5: Agu II | S5: Sep I | T5: Sep II | U5: Okt I | V5: Okt II | W5: Nov I | X5: Nov II | Y5: Des I | Z5: Des II
A6: Q50 (m³/s) | B6: 0.5 | C6: =IF($C$3<1,"",IF(INT($B6*($C$3+1))<1,LARGE(DEBIT_15HARIAN!$B$7:$B$31,1),IF(INT($B6*($C$3+1))>=$C$3,LARGE(DEBIT_15HARIAN!$B$7:$B$31,$C$3),LARGE(DEBIT_15HARIAN!$B$7:$B$31,INT($B6*($C$3+1)))+($B6*($C$3+1)-INT($B6*($C$3+1)))*(LARGE(DEBIT_15HARIAN!$B$7:$B$31,INT($B6*($C$3+1))+1)-LARGE(DEBIT_15HARIAN!$B$7:$B$31,INT($B6*($C$3+1))))))) | D6: =IF($C$3<1,"",IF(INT($B6*($C$3+1))<1,LARGE(DEBIT_15HARIAN!$C$7:$C$31,1),IF(INT($B6*($C$3+1))>=$C$3,LARGE(DEBIT_15HARIAN!$C$7:$C$31,$C$3),LARGE(DEBIT_15HARIAN!$C$7:$C$31,INT($B6*($C$3+1)))+($B6*($C$3+1)-INT($B6*($C$3+1)))*(LARGE(DEBIT_15HARIAN!$C$7:$C$31,INT($B6*($C$3+1))+1)-LARGE(DEBIT_15HARIAN!$C$7:$C$31,INT($B6*($C$3+1))))))) | E6: =IF($C$3<1,"",IF(INT($B6*($C$3+1))<1,LARGE(DEBIT_15HARIAN!$D$7:$D$31,1),IF(INT($B6*($C$3+1))>=$C$3,LARGE(DEBIT_15HARIAN!$D$7:$D$31,$C$3),LARGE(DEBIT_15HARIAN!$D$7:$D$31,INT($B6*($C$3+1)))+($B6*($C$3+1)-INT($B6*($C$3+1)))*(LARGE(DEBIT_15HARIAN!$D$7:$D$31,INT($B6*($C$3+1))+1)-LARGE(DEBIT_15HARIAN!$D$7:$D$31,INT($B6*($C$3+1))))))) | F6: =IF($C$3<1,"",IF(INT($B6*($C$3+1))<1,LARGE(DEBIT_15HARIAN!$E$7:$E$31,1),IF(INT($B6*($C$3+1))>=$C$3,LARGE(DEBIT_15HARIAN!$E$7:$E$31,$C$3),LARGE(DEBIT_15HARIAN!$E$7:$E$31,INT($B6*($C$3+1)))+($B6*($C$3+1)-INT($B6*($C$3+1)))*(LARGE(DEBIT_15HARIAN!$E$7:$E$31,INT($B6*($C$3+1))+1)-LARGE(DEBIT_15HARIAN!$E$7:$E$31,INT($B6*($C$3+1))))))) | G6: =IF($C$3<1,"",IF(INT($B6*($C$3+1))<1,LARGE(DEBIT_15HARIAN!$F$7:$F$31,1),IF(INT($B6*($C$3+1))>=$C$3,LARGE(DEBIT_15HARIAN!$F$7:$F$31,$C$3),LARGE(DEBIT_15HARIAN!$F$7:$F$31,INT($B6*($C$3+1)))+($B6*($C$3+1)-INT($B6*($C$3+1)))*(LARGE(DEBIT_15HARIAN!$F$7:$F$31,INT($B6*($C$3+1))+1)-LARGE(DEBIT_15HARIAN!$F$7:$F$31,INT($B6*($C$3+1))))))) | H6: =IF($C$3<1,"",IF(INT($B6*($C$3+1))<1,LARGE(DEBIT_15HARIAN!$G$7:$G$31,1),IF(INT($B6*($C$3+1))>=$C$3,LARGE(DEBIT_15HARIAN!$G$7:$G$31,$C$3),LARGE(DEBIT_15HARIAN!$G$7:$G$31,INT($B6*($C$3+1)))+($B6*($C$3+1)-INT($B6*($C$3+1)))*(LARGE(DEBIT_15HARIAN!$G$7:$G$31,INT($B6*($C$3+1))+1)-LARGE(DEBIT_15HARIAN!$G$7:$G$31,INT($B6*($C$3+1))))))) | I6: =IF($C$3<1,"",IF(INT($B6*($C$3+1))<1,LARGE(DEBIT_15HARIAN!$H$7:$H$31,1),IF(INT($B6*($C$3+1))>=$C$3,LARGE(DEBIT_15HARIAN!$H$7:$H$31,$C$3),LARGE(DEBIT_15HARIAN!$H$7:$H$31,INT($B6*($C$3+1)))+($B6*($C$3+1)-INT($B6*($C$3+1)))*(LARGE(DEBIT_15HARIAN!$H$7:$H$31,INT($B6*($C$3+1))+1)-LARGE(DEBIT_15HARIAN!$H$7:$H$31,INT($B6*($C$3+1))))))) | J6: =IF($C$3<1,"",IF(INT($B6*($C$3+1))<1,LARGE(DEBIT_15HARIAN!$I$7:$I$31,1),IF(INT($B6*($C$3+1))>=$C$3,LARGE(DEBIT_15HARIAN!$I$7:$I$31,$C$3),LARGE(DEBIT_15HARIAN!$I$7:$I$31,INT($B6*($C$3+1)))+($B6*($C$3+1)-INT($B6*($C$3+1)))*(LARGE(DEBIT_15HARIAN!$I$7:$I$31,INT($B6*($C$3+1))+1)-LARGE(DEBIT_15HARIAN!$I$7:$I$31,INT($B6*($C$3+1))))))) | K6: =IF($C$3<1,"",IF(INT($B6*($C$3+1))<1,LARGE(DEBIT_15HARIAN!$J$7:$J$31,1),IF(INT($B6*($C$3+1))>=$C$3,LARGE(DEBIT_15HARIAN!$J$7:$J$31,$C$3),LARGE(DEBIT_15HARIAN!$J$7:$J$31,INT($B6*($C$3+1)))+($B6*($C$3+1)-INT($B6*($C$3+1)))*(LARGE(DEBIT_15HARIAN!$J$7:$J$31,INT($B6*($C$3+1))+1)-LARGE(DEBIT_15HARIAN!$J$7:$J$31,INT($B6*($C$3+1))))))) | L6: =IF($C$3<1,"",IF(INT($B6*($C$3+1))<1,LARGE(DEBIT_15HARIAN!$K$7:$K$31,1),IF(INT($B6*($C$3+1))>=$C$3,LARGE(DEBIT_15HARIAN!$K$7:$K$31,$C$3),LARGE(DEBIT_15HARIAN!$K$7:$K$31,INT($B6*($C$3+1)))+($B6*($C$3+1)-INT($B6*($C$3+1)))*(LARGE(DEBIT_15HARIAN!$K$7:$K$31,INT($B6*($C$3+1))+1)-LARGE(DEBIT_15HARIAN!$K$7:$K$31,INT($B6*($C$3+1))))))) | M6: =IF($C$3<1,"",IF(INT($B6*($C$3+1))<1,LARGE(DEBIT_15HARIAN!$L$7:$L$31,1),IF(INT($B6*($C$3+1))>=$C$3,LARGE(DEBIT_15HARIAN!$L$7:$L$31,$C$3),LARGE(DEBIT_15HARIAN!$L$7:$L$31,INT($B6*($C$3+1)))+($B6*($C$3+1)-INT($B6*($C$3+1)))*(LARGE(DEBIT_15HARIAN!$L$7:$L$31,INT($B6*($C$3+1))+1)-LARGE(DEBIT_15HARIAN!$L$7:$L$31,INT($B6*($C$3+1))))))) | N6: =IF($C$3<1,"",IF(INT($B6*($C$3+1))<1,LARGE(DEBIT_15HARIAN!$M$7:$M$31,1),IF(INT($B6*($C$3+1))>=$C$3,LARGE(DEBIT_15HARIAN!$M$7:$M$31,$C$3),LARGE(DEBIT_15HARIAN!$M$7:$M$31,INT($B6*($C$3+1)))+($B6*($C$3+1)-INT($B6*($C$3+1)))*(LARGE(DEBIT_15HARIAN!$M$7:$M$31,INT($B6*($C$3+1))+1)-LARGE(DEBIT_15HARIAN!$M$7:$M$31,INT($B6*($C$3+1))))))) | O6: =IF($C$3<1,"",IF(INT($B6*($C$3+1))<1,LARGE(DEBIT_15HARIAN!$N$7:$N$31,1),IF(INT($B6*($C$3+1))>=$C$3,LARGE(DEBIT_15HARIAN!$N$7:$N$31,$C$3),LARGE(DEBIT_15HARIAN!$N$7:$N$31,INT($B6*($C$3+1)))+($B6*($C$3+1)-INT($B6*($C$3+1)))*(LARGE(DEBIT_15HARIAN!$N$7:$N$31,INT($B6*($C$3+1))+1)-LARGE(DEBIT_15HARIAN!$N$7:$N$31,INT($B6*($C$3+1))))))) | P6: =IF($C$3<1,"",IF(INT($B6*($C$3+1))<1,LARGE(DEBIT_15HARIAN!$O$7:$O$31,1),IF(INT($B6*($C$3+1))>=$C$3,LARGE(DEBIT_15HARIAN!$O$7:$O$31,$C$3),LARGE(DEBIT_15HARIAN!$O$7:$O$31,INT($B6*($C$3+1)))+($B6*($C$3+1)-INT($B6*($C$3+1)))*(LARGE(DEBIT_15HARIAN!$O$7:$O$31,INT($B6*($C$3+1))+1)-LARGE(DEBIT_15HARIAN!$O$7:$O$31,INT($B6*($C$3+1))))))) | Q6: =IF($C$3<1,"",IF(INT($B6*($C$3+1))<1,LARGE(DEBIT_15HARIAN!$P$7:$P$31,1),IF(INT($B6*($C$3+1))>=$C$3,LARGE(DEBIT_15HARIAN!$P$7:$P$31,$C$3),LARGE(DEBIT_15HARIAN!$P$7:$P$31,INT($B6*($C$3+1)))+($B6*($C$3+1)-INT($B6*($C$3+1)))*(LARGE(DEBIT_15HARIAN!$P$7:$P$31,INT($B6*($C$3+1))+1)-LARGE(DEBIT_15HARIAN!$P$7:$P$31,INT($B6*($C$3+1))))))) | R6: =IF($C$3<1,"",IF(INT($B6*($C$3+1))<1,LARGE(DEBIT_15HARIAN!$Q$7:$Q$31,1),IF(INT($B6*($C$3+1))>=$C$3,LARGE(DEBIT_15HARIAN!$Q$7:$Q$31,$C$3),LARGE(DEBIT_15HARIAN!$Q$7:$Q$31,INT($B6*($C$3+1)))+($B6*($C$3+1)-INT($B6*($C$3+1)))*(LARGE(DEBIT_15HARIAN!$Q$7:$Q$31,INT($B6*($C$3+1))+1)-LARGE(DEBIT_15HARIAN!$Q$7:$Q$31,INT($B6*($C$3+1))))))) | S6: =IF($C$3<1,"",IF(INT($B6*($C$3+1))<1,LARGE(DEBIT_15HARIAN!$R$7:$R$31,1),IF(INT($B6*($C$3+1))>=$C$3,LARGE(DEBIT_15HARIAN!$R$7:$R$31,$C$3),LARGE(DEBIT_15HARIAN!$R$7:$R$31,INT($B6*($C$3+1)))+($B6*($C$3+1)-INT($B6*($C$3+1)))*(LARGE(DEBIT_15HARIAN!$R$7:$R$31,INT($B6*($C$3+1))+1)-LARGE(DEBIT_15HARIAN!$R$7:$R$31,INT($B6*($C$3+1))))))) | T6: =IF($C$3<1,"",IF(INT($B6*($C$3+1))<1,LARGE(DEBIT_15HARIAN!$S$7:$S$31,1),IF(INT($B6*($C$3+1))>=$C$3,LARGE(DEBIT_15HARIAN!$S$7:$S$31,$C$3),LARGE(DEBIT_15HARIAN!$S$7:$S$31,INT($B6*($C$3+1)))+($B6*($C$3+1)-INT($B6*($C$3+1)))*(LARGE(DEBIT_15HARIAN!$S$7:$S$31,INT($B6*($C$3+1))+1)-LARGE(DEBIT_15HARIAN!$S$7:$S$31,INT($B6*($C$3+1))))))) | U6: =IF($C$3<1,"",IF(INT($B6*($C$3+1))<1,LARGE(DEBIT_15HARIAN!$T$7:$T$31,1),IF(INT($B6*($C$3+1))>=$C$3,LARGE(DEBIT_15HARIAN!$T$7:$T$31,$C$3),LARGE(DEBIT_15HARIAN!$T$7:$T$31,INT($B6*($C$3+1)))+($B6*($C$3+1)-INT($B6*($C$3+1)))*(LARGE(DEBIT_15HARIAN!$T$7:$T$31,INT($B6*($C$3+1))+1)-LARGE(DEBIT_15HARIAN!$T$7:$T$31,INT($B6*($C$3+1))))))) | V6: =IF($C$3<1,"",IF(INT($B6*($C$3+1))<1,LARGE(DEBIT_15HARIAN!$U$7:$U$31,1),IF(INT($B6*($C$3+1))>=$C$3,LARGE(DEBIT_15HARIAN!$U$7:$U$31,$C$3),LARGE(DEBIT_15HARIAN!$U$7:$U$31,INT($B6*($C$3+1)))+($B6*($C$3+1)-INT($B6*($C$3+1)))*(LARGE(DEBIT_15HARIAN!$U$7:$U$31,INT($B6*($C$3+1))+1)-LARGE(DEBIT_15HARIAN!$U$7:$U$31,INT($B6*($C$3+1))))))) | W6: =IF($C$3<1,"",IF(INT($B6*($C$3+1))<1,LARGE(DEBIT_15HARIAN!$V$7:$V$31,1),IF(INT($B6*($C$3+1))>=$C$3,LARGE(DEBIT_15HARIAN!$V$7:$V$31,$C$3),LARGE(DEBIT_15HARIAN!$V$7:$V$31,INT($B6*($C$3+1)))+($B6*($C$3+1)-INT($B6*($C$3+1)))*(LARGE(DEBIT_15HARIAN!$V$7:$V$31,INT($B6*($C$3+1))+1)-LARGE(DEBIT_15HARIAN!$V$7:$V$31,INT($B6*($C$3+1))))))) | X6: =IF($C$3<1,"",IF(INT($B6*($C$3+1))<1,LARGE(DEBIT_15HARIAN!$W$7:$W$31,1),IF(INT($B6*($C$3+1))>=$C$3,LARGE(DEBIT_15HARIAN!$W$7:$W$31,$C$3),LARGE(DEBIT_15HARIAN!$W$7:$W$31,INT($B6*($C$3+1)))+($B6*($C$3+1)-INT($B6*($C$3+1)))*(LARGE(DEBIT_15HARIAN!$W$7:$W$31,INT($B6*($C$3+1))+1)-LARGE(DEBIT_15HARIAN!$W$7:$W$31,INT($B6*($C$3+1))))))) | Y6: =IF($C$3<1,"",IF(INT($B6*($C$3+1))<1,LARGE(DEBIT_15HARIAN!$X$7:$X$31,1),IF(INT($B6*($C$3+1))>=$C$3,LARGE(DEBIT_15HARIAN!$X$7:$X$31,$C$3),LARGE(DEBIT_15HARIAN!$X$7:$X$31,INT($B6*($C$3+1)))+($B6*($C$3+1)-INT($B6*($C$3+1)))*(LARGE(DEBIT_15HARIAN!$X$7:$X$31,INT($B6*($C$3+1))+1)-LARGE(DEBIT_15HARIAN!$X$7:$X$31,INT($B6*($C$3+1))))))) | Z6: =IF($C$3<1,"",IF(INT($B6*($C$3+1))<1,LARGE(DEBIT_15HARIAN!$Y$7:$Y$31,1),IF(INT($B6*($C$3+1))>=$C$3,LARGE(DEBIT_15HARIAN!$Y$7:$Y$31,$C$3),LARGE(DEBIT_15HARIAN!$Y$7:$Y$31,INT($B6*($C$3+1)))+($B6*($C$3+1)-INT($B6*($C$3+1)))*(LARGE(DEBIT_15HARIAN!$Y$7:$Y$31,INT($B6*($C$3+1))+1)-LARGE(DEBIT_15HARIAN!$Y$7:$Y$31,INT($B6*($C$3+1)))))))
A7: Q80 (m³/s) | B7: 0.8 | C7: =IF($C$3<1,"",IF(INT($B7*($C$3+1))<1,LARGE(DEBIT_15HARIAN!$B$7:$B$31,1),IF(INT($B7*($C$3+1))>=$C$3,LARGE(DEBIT_15HARIAN!$B$7:$B$31,$C$3),LARGE(DEBIT_15HARIAN!$B$7:$B$31,INT($B7*($C$3+1)))+($B7*($C$3+1)-INT($B7*($C$3+1)))*(LARGE(DEBIT_15HARIAN!$B$7:$B$31,INT($B7*($C$3+1))+1)-LARGE(DEBIT_15HARIAN!$B$7:$B$31,INT($B7*($C$3+1))))))) | D7: =IF($C$3<1,"",IF(INT($B7*($C$3+1))<1,LARGE(DEBIT_15HARIAN!$C$7:$C$31,1),IF(INT($B7*($C$3+1))>=$C$3,LARGE(DEBIT_15HARIAN!$C$7:$C$31,$C$3),LARGE(DEBIT_15HARIAN!$C$7:$C$31,INT($B7*($C$3+1)))+($B7*($C$3+1)-INT($B7*($C$3+1)))*(LARGE(DEBIT_15HARIAN!$C$7:$C$31,INT($B7*($C$3+1))+1)-LARGE(DEBIT_15HARIAN!$C$7:$C$31,INT($B7*($C$3+1))))))) | E7: =IF($C$3<1,"",IF(INT($B7*($C$3+1))<1,LARGE(DEBIT_15HARIAN!$D$7:$D$31,1),IF(INT($B7*($C$3+1))>=$C$3,LARGE(DEBIT_15HARIAN!$D$7:$D$31,$C$3),LARGE(DEBIT_15HARIAN!$D$7:$D$31,INT($B7*($C$3+1)))+($B7*($C$3+1)-INT($B7*($C$3+1)))*(LARGE(DEBIT_15HARIAN!$D$7:$D$31,INT($B7*($C$3+1))+1)-LARGE(DEBIT_15HARIAN!$D$7:$D$31,INT($B7*($C$3+1))))))) | F7: =IF($C$3<1,"",IF(INT($B7*($C$3+1))<1,LARGE(DEBIT_15HARIAN!$E$7:$E$31,1),IF(INT($B7*($C$3+1))>=$C$3,LARGE(DEBIT_15HARIAN!$E$7:$E$31,$C$3),LARGE(DEBIT_15HARIAN!$E$7:$E$31,INT($B7*($C$3+1)))+($B7*($C$3+1)-INT($B7*($C$3+1)))*(LARGE(DEBIT_15HARIAN!$E$7:$E$31,INT($B7*($C$3+1))+1)-LARGE(DEBIT_15HARIAN!$E$7:$E$31,INT($B7*($C$3+1))))))) | G7: =IF($C$3<1,"",IF(INT($B7*($C$3+1))<1,LARGE(DEBIT_15HARIAN!$F$7:$F$31,1),IF(INT($B7*($C$3+1))>=$C$3,LARGE(DEBIT_15HARIAN!$F$7:$F$31,$C$3),LARGE(DEBIT_15HARIAN!$F$7:$F$31,INT($B7*($C$3+1)))+($B7*($C$3+1)-INT($B7*($C$3+1)))*(LARGE(DEBIT_15HARIAN!$F$7:$F$31,INT($B7*($C$3+1))+1)-LARGE(DEBIT_15HARIAN!$F$7:$F$31,INT($B7*($C$3+1))))))) | H7: =IF($C$3<1,"",IF(INT($B7*($C$3+1))<1,LARGE(DEBIT_15HARIAN!$G$7:$G$31,1),IF(INT($B7*($C$3+1))>=$C$3,LARGE(DEBIT_15HARIAN!$G$7:$G$31,$C$3),LARGE(DEBIT_15HARIAN!$G$7:$G$31,INT($B7*($C$3+1)))+($B7*($C$3+1)-INT($B7*($C$3+1)))*(LARGE(DEBIT_15HARIAN!$G$7:$G$31,INT($B7*($C$3+1))+1)-LARGE(DEBIT_15HARIAN!$G$7:$G$31,INT($B7*($C$3+1))))))) | I7: =IF($C$3<1,"",IF(INT($B7*($C$3+1))<1,LARGE(DEBIT_15HARIAN!$H$7:$H$31,1),IF(INT($B7*($C$3+1))>=$C$3,LARGE(DEBIT_15HARIAN!$H$7:$H$31,$C$3),LARGE(DEBIT_15HARIAN!$H$7:$H$31,INT($B7*($C$3+1)))+($B7*($C$3+1)-INT($B7*($C$3+1)))*(LARGE(DEBIT_15HARIAN!$H$7:$H$31,INT($B7*($C$3+1))+1)-LARGE(DEBIT_15HARIAN!$H$7:$H$31,INT($B7*($C$3+1))))))) | J7: =IF($C$3<1,"",IF(INT($B7*($C$3+1))<1,LARGE(DEBIT_15HARIAN!$I$7:$I$31,1),IF(INT($B7*($C$3+1))>=$C$3,LARGE(DEBIT_15HARIAN!$I$7:$I$31,$C$3),LARGE(DEBIT_15HARIAN!$I$7:$I$31,INT($B7*($C$3+1)))+($B7*($C$3+1)-INT($B7*($C$3+1)))*(LARGE(DEBIT_15HARIAN!$I$7:$I$31,INT($B7*($C$3+1))+1)-LARGE(DEBIT_15HARIAN!$I$7:$I$31,INT($B7*($C$3+1))))))) | K7: =IF($C$3<1,"",IF(INT($B7*($C$3+1))<1,LARGE(DEBIT_15HARIAN!$J$7:$J$31,1),IF(INT($B7*($C$3+1))>=$C$3,LARGE(DEBIT_15HARIAN!$J$7:$J$31,$C$3),LARGE(DEBIT_15HARIAN!$J$7:$J$31,INT($B7*($C$3+1)))+($B7*($C$3+1)-INT($B7*($C$3+1)))*(LARGE(DEBIT_15HARIAN!$J$7:$J$31,INT($B7*($C$3+1))+1)-LARGE(DEBIT_15HARIAN!$J$7:$J$31,INT($B7*($C$3+1))))))) | L7: =IF($C$3<1,"",IF(INT($B7*($C$3+1))<1,LARGE(DEBIT_15HARIAN!$K$7:$K$31,1),IF(INT($B7*($C$3+1))>=$C$3,LARGE(DEBIT_15HARIAN!$K$7:$K$31,$C$3),LARGE(DEBIT_15HARIAN!$K$7:$K$31,INT($B7*($C$3+1)))+($B7*($C$3+1)-INT($B7*($C$3+1)))*(LARGE(DEBIT_15HARIAN!$K$7:$K$31,INT($B7*($C$3+1))+1)-LARGE(DEBIT_15HARIAN!$K$7:$K$31,INT($B7*($C$3+1))))))) | M7: =IF($C$3<1,"",IF(INT($B7*($C$3+1))<1,LARGE(DEBIT_15HARIAN!$L$7:$L$31,1),IF(INT($B7*($C$3+1))>=$C$3,LARGE(DEBIT_15HARIAN!$L$7:$L$31,$C$3),LARGE(DEBIT_15HARIAN!$L$7:$L$31,INT($B7*($C$3+1)))+($B7*($C$3+1)-INT($B7*($C$3+1)))*(LARGE(DEBIT_15HARIAN!$L$7:$L$31,INT($B7*($C$3+1))+1)-LARGE(DEBIT_15HARIAN!$L$7:$L$31,INT($B7*($C$3+1))))))) | N7: =IF($C$3<1,"",IF(INT($B7*($C$3+1))<1,LARGE(DEBIT_15HARIAN!$M$7:$M$31,1),IF(INT($B7*($C$3+1))>=$C$3,LARGE(DEBIT_15HARIAN!$M$7:$M$31,$C$3),LARGE(DEBIT_15HARIAN!$M$7:$M$31,INT($B7*($C$3+1)))+($B7*($C$3+1)-INT($B7*($C$3+1)))*(LARGE(DEBIT_15HARIAN!$M$7:$M$31,INT($B7*($C$3+1))+1)-LARGE(DEBIT_15HARIAN!$M$7:$M$31,INT($B7*($C$3+1))))))) | O7: =IF($C$3<1,"",IF(INT($B7*($C$3+1))<1,LARGE(DEBIT_15HARIAN!$N$7:$N$31,1),IF(INT($B7*($C$3+1))>=$C$3,LARGE(DEBIT_15HARIAN!$N$7:$N$31,$C$3),LARGE(DEBIT_15HARIAN!$N$7:$N$31,INT($B7*($C$3+1)))+($B7*($C$3+1)-INT($B7*($C$3+1)))*(LARGE(DEBIT_15HARIAN!$N$7:$N$31,INT($B7*($C$3+1))+1)-LARGE(DEBIT_15HARIAN!$N$7:$N$31,INT($B7*($C$3+1))))))) | P7: =IF($C$3<1,"",IF(INT($B7*($C$3+1))<1,LARGE(DEBIT_15HARIAN!$O$7:$O$31,1),IF(INT($B7*($C$3+1))>=$C$3,LARGE(DEBIT_15HARIAN!$O$7:$O$31,$C$3),LARGE(DEBIT_15HARIAN!$O$7:$O$31,INT($B7*($C$3+1)))+($B7*($C$3+1)-INT($B7*($C$3+1)))*(LARGE(DEBIT_15HARIAN!$O$7:$O$31,INT($B7*($C$3+1))+1)-LARGE(DEBIT_15HARIAN!$O$7:$O$31,INT($B7*($C$3+1))))))) | Q7: =IF($C$3<1,"",IF(INT($B7*($C$3+1))<1,LARGE(DEBIT_15HARIAN!$P$7:$P$31,1),IF(INT($B7*($C$3+1))>=$C$3,LARGE(DEBIT_15HARIAN!$P$7:$P$31,$C$3),LARGE(DEBIT_15HARIAN!$P$7:$P$31,INT($B7*($C$3+1)))+($B7*($C$3+1)-INT($B7*($C$3+1)))*(LARGE(DEBIT_15HARIAN!$P$7:$P$31,INT($B7*($C$3+1))+1)-LARGE(DEBIT_15HARIAN!$P$7:$P$31,INT($B7*($C$3+1))))))) | R7: =IF($C$3<1,"",IF(INT($B7*($C$3+1))<1,LARGE(DEBIT_15HARIAN!$Q$7:$Q$31,1),IF(INT($B7*($C$3+1))>=$C$3,LARGE(DEBIT_15HARIAN!$Q$7:$Q$31,$C$3),LARGE(DEBIT_15HARIAN!$Q$7:$Q$31,INT($B7*($C$3+1)))+($B7*($C$3+1)-INT($B7*($C$3+1)))*(LARGE(DEBIT_15HARIAN!$Q$7:$Q$31,INT($B7*($C$3+1))+1)-LARGE(DEBIT_15HARIAN!$Q$7:$Q$31,INT($B7*($C$3+1))))))) | S7: =IF($C$3<1,"",IF(INT($B7*($C$3+1))<1,LARGE(DEBIT_15HARIAN!$R$7:$R$31,1),IF(INT($B7*($C$3+1))>=$C$3,LARGE(DEBIT_15HARIAN!$R$7:$R$31,$C$3),LARGE(DEBIT_15HARIAN!$R$7:$R$31,INT($B7*($C$3+1)))+($B7*($C$3+1)-INT($B7*($C$3+1)))*(LARGE(DEBIT_15HARIAN!$R$7:$R$31,INT($B7*($C$3+1))+1)-LARGE(DEBIT_15HARIAN!$R$7:$R$31,INT($B7*($C$3+1))))))) | T7: =IF($C$3<1,"",IF(INT($B7*($C$3+1))<1,LARGE(DEBIT_15HARIAN!$S$7:$S$31,1),IF(INT($B7*($C$3+1))>=$C$3,LARGE(DEBIT_15HARIAN!$S$7:$S$31,$C$3),LARGE(DEBIT_15HARIAN!$S$7:$S$31,INT($B7*($C$3+1)))+($B7*($C$3+1)-INT($B7*($C$3+1)))*(LARGE(DEBIT_15HARIAN!$S$7:$S$31,INT($B7*($C$3+1))+1)-LARGE(DEBIT_15HARIAN!$S$7:$S$31,INT($B7*($C$3+1))))))) | U7: =IF($C$3<1,"",IF(INT($B7*($C$3+1))<1,LARGE(DEBIT_15HARIAN!$T$7:$T$31,1),IF(INT($B7*($C$3+1))>=$C$3,LARGE(DEBIT_15HARIAN!$T$7:$T$31,$C$3),LARGE(DEBIT_15HARIAN!$T$7:$T$31,INT($B7*($C$3+1)))+($B7*($C$3+1)-INT($B7*($C$3+1)))*(LARGE(DEBIT_15HARIAN!$T$7:$T$31,INT($B7*($C$3+1))+1)-LARGE(DEBIT_15HARIAN!$T$7:$T$31,INT($B7*($C$3+1))))))) | V7: =IF($C$3<1,"",IF(INT($B7*($C$3+1))<1,LARGE(DEBIT_15HARIAN!$U$7:$U$31,1),IF(INT($B7*($C$3+1))>=$C$3,LARGE(DEBIT_15HARIAN!$U$7:$U$31,$C$3),LARGE(DEBIT_15HARIAN!$U$7:$U$31,INT($B7*($C$3+1)))+($B7*($C$3+1)-INT($B7*($C$3+1)))*(LARGE(DEBIT_15HARIAN!$U$7:$U$31,INT($B7*($C$3+1))+1)-LARGE(DEBIT_15HARIAN!$U$7:$U$31,INT($B7*($C$3+1))))))) | W7: =IF($C$3<1,"",IF(INT($B7*($C$3+1))<1,LARGE(DEBIT_15HARIAN!$V$7:$V$31,1),IF(INT($B7*($C$3+1))>=$C$3,LARGE(DEBIT_15HARIAN!$V$7:$V$31,$C$3),LARGE(DEBIT_15HARIAN!$V$7:$V$31,INT($B7*($C$3+1)))+($B7*($C$3+1)-INT($B7*($C$3+1)))*(LARGE(DEBIT_15HARIAN!$V$7:$V$31,INT($B7*($C$3+1))+1)-LARGE(DEBIT_15HARIAN!$V$7:$V$31,INT($B7*($C$3+1))))))) | X7: =IF($C$3<1,"",IF(INT($B7*($C$3+1))<1,LARGE(DEBIT_15HARIAN!$W$7:$W$31,1),IF(INT($B7*($C$3+1))>=$C$3,LARGE(DEBIT_15HARIAN!$W$7:$W$31,$C$3),LARGE(DEBIT_15HARIAN!$W$7:$W$31,INT($B7*($C$3+1)))+($B7*($C$3+1)-INT($B7*($C$3+1)))*(LARGE(DEBIT_15HARIAN!$W$7:$W$31,INT($B7*($C$3+1))+1)-LARGE(DEBIT_15HARIAN!$W$7:$W$31,INT($B7*($C$3+1))))))) | Y7: =IF($C$3<1,"",IF(INT($B7*($C$3+1))<1,LARGE(DEBIT_15HARIAN!$X$7:$X$31,1),IF(INT($B7*($C$3+1))>=$C$3,LARGE(DEBIT_15HARIAN!$X$7:$X$31,$C$3),LARGE(DEBIT_15HARIAN!$X$7:$X$31,INT($B7*($C$3+1)))+($B7*($C$3+1)-INT($B7*($C$3+1)))*(LARGE(DEBIT_15HARIAN!$X$7:$X$31,INT($B7*($C$3+1))+1)-LARGE(DEBIT_15HARIAN!$X$7:$X$31,INT($B7*($C$3+1))))))) | Z7: =IF($C$3<1,"",IF(INT($B7*($C$3+1))<1,LARGE(DEBIT_15HARIAN!$Y$7:$Y$31,1),IF(INT($B7*($C$3+1))>=$C$3,LARGE(DEBIT_15HARIAN!$Y$7:$Y$31,$C$3),LARGE(DEBIT_15HARIAN!$Y$7:$Y$31,INT($B7*($C$3+1)))+($B7*($C$3+1)-INT($B7*($C$3+1)))*(LARGE(DEBIT_15HARIAN!$Y$7:$Y$31,INT($B7*($C$3+1))+1)-LARGE(DEBIT_15HARIAN!$Y$7:$Y$31,INT($B7*($C$3+1)))))))
A8: Q90 (m³/s) | B8: 0.9 | C8: =IF($C$3<1,"",IF(INT($B8*($C$3+1))<1,LARGE(DEBIT_15HARIAN!$B$7:$B$31,1),IF(INT($B8*($C$3+1))>=$C$3,LARGE(DEBIT_15HARIAN!$B$7:$B$31,$C$3),LARGE(DEBIT_15HARIAN!$B$7:$B$31,INT($B8*($C$3+1)))+($B8*($C$3+1)-INT($B8*($C$3+1)))*(LARGE(DEBIT_15HARIAN!$B$7:$B$31,INT($B8*($C$3+1))+1)-LARGE(DEBIT_15HARIAN!$B$7:$B$31,INT($B8*($C$3+1))))))) | D8: =IF($C$3<1,"",IF(INT($B8*($C$3+1))<1,LARGE(DEBIT_15HARIAN!$C$7:$C$31,1),IF(INT($B8*($C$3+1))>=$C$3,LARGE(DEBIT_15HARIAN!$C$7:$C$31,$C$3),LARGE(DEBIT_15HARIAN!$C$7:$C$31,INT($B8*($C$3+1)))+($B8*($C$3+1)-INT($B8*($C$3+1)))*(LARGE(DEBIT_15HARIAN!$C$7:$C$31,INT($B8*($C$3+1))+1)-LARGE(DEBIT_15HARIAN!$C$7:$C$31,INT($B8*($C$3+1))))))) | E8: =IF($C$3<1,"",IF(INT($B8*($C$3+1))<1,LARGE(DEBIT_15HARIAN!$D$7:$D$31,1),IF(INT($B8*($C$3+1))>=$C$3,LARGE(DEBIT_15HARIAN!$D$7:$D$31,$C$3),LARGE(DEBIT_15HARIAN!$D$7:$D$31,INT($B8*($C$3+1)))+($B8*($C$3+1)-INT($B8*($C$3+1)))*(LARGE(DEBIT_15HARIAN!$D$7:$D$31,INT($B8*($C$3+1))+1)-LARGE(DEBIT_15HARIAN!$D$7:$D$31,INT($B8*($C$3+1))))))) | F8: =IF($C$3<1,"",IF(INT($B8*($C$3+1))<1,LARGE(DEBIT_15HARIAN!$E$7:$E$31,1),IF(INT($B8*($C$3+1))>=$C$3,LARGE(DEBIT_15HARIAN!$E$7:$E$31,$C$3),LARGE(DEBIT_15HARIAN!$E$7:$E$31,INT($B8*($C$3+1)))+($B8*($C$3+1)-INT($B8*($C$3+1)))*(LARGE(DEBIT_15HARIAN!$E$7:$E$31,INT($B8*($C$3+1))+1)-LARGE(DEBIT_15HARIAN!$E$7:$E$31,INT($B8*($C$3+1))))))) | G8: =IF($C$3<1,"",IF(INT($B8*($C$3+1))<1,LARGE(DEBIT_15HARIAN!$F$7:$F$31,1),IF(INT($B8*($C$3+1))>=$C$3,LARGE(DEBIT_15HARIAN!$F$7:$F$31,$C$3),LARGE(DEBIT_15HARIAN!$F$7:$F$31,INT($B8*($C$3+1)))+($B8*($C$3+1)-INT($B8*($C$3+1)))*(LARGE(DEBIT_15HARIAN!$F$7:$F$31,INT($B8*($C$3+1))+1)-LARGE(DEBIT_15HARIAN!$F$7:$F$31,INT($B8*($C$3+1))))))) | H8: =IF($C$3<1,"",IF(INT($B8*($C$3+1))<1,LARGE(DEBIT_15HARIAN!$G$7:$G$31,1),IF(INT($B8*($C$3+1))>=$C$3,LARGE(DEBIT_15HARIAN!$G$7:$G$31,$C$3),LARGE(DEBIT_15HARIAN!$G$7:$G$31,INT($B8*($C$3+1)))+($B8*($C$3+1)-INT($B8*($C$3+1)))*(LARGE(DEBIT_15HARIAN!$G$7:$G$31,INT($B8*($C$3+1))+1)-LARGE(DEBIT_15HARIAN!$G$7:$G$31,INT($B8*($C$3+1))))))) | I8: =IF($C$3<1,"",IF(INT($B8*($C$3+1))<1,LARGE(DEBIT_15HARIAN!$H$7:$H$31,1),IF(INT($B8*($C$3+1))>=$C$3,LARGE(DEBIT_15HARIAN!$H$7:$H$31,$C$3),LARGE(DEBIT_15HARIAN!$H$7:$H$31,INT($B8*($C$3+1)))+($B8*($C$3+1)-INT($B8*($C$3+1)))*(LARGE(DEBIT_15HARIAN!$H$7:$H$31,INT($B8*($C$3+1))+1)-LARGE(DEBIT_15HARIAN!$H$7:$H$31,INT($B8*($C$3+1))))))) | J8: =IF($C$3<1,"",IF(INT($B8*($C$3+1))<1,LARGE(DEBIT_15HARIAN!$I$7:$I$31,1),IF(INT($B8*($C$3+1))>=$C$3,LARGE(DEBIT_15HARIAN!$I$7:$I$31,$C$3),LARGE(DEBIT_15HARIAN!$I$7:$I$31,INT($B8*($C$3+1)))+($B8*($C$3+1)-INT($B8*($C$3+1)))*(LARGE(DEBIT_15HARIAN!$I$7:$I$31,INT($B8*($C$3+1))+1)-LARGE(DEBIT_15HARIAN!$I$7:$I$31,INT($B8*($C$3+1))))))) | K8: =IF($C$3<1,"",IF(INT($B8*($C$3+1))<1,LARGE(DEBIT_15HARIAN!$J$7:$J$31,1),IF(INT($B8*($C$3+1))>=$C$3,LARGE(DEBIT_15HARIAN!$J$7:$J$31,$C$3),LARGE(DEBIT_15HARIAN!$J$7:$J$31,INT($B8*($C$3+1)))+($B8*($C$3+1)-INT($B8*($C$3+1)))*(LARGE(DEBIT_15HARIAN!$J$7:$J$31,INT($B8*($C$3+1))+1)-LARGE(DEBIT_15HARIAN!$J$7:$J$31,INT($B8*($C$3+1))))))) | L8: =IF($C$3<1,"",IF(INT($B8*($C$3+1))<1,LARGE(DEBIT_15HARIAN!$K$7:$K$31,1),IF(INT($B8*($C$3+1))>=$C$3,LARGE(DEBIT_15HARIAN!$K$7:$K$31,$C$3),LARGE(DEBIT_15HARIAN!$K$7:$K$31,INT($B8*($C$3+1)))+($B8*($C$3+1)-INT($B8*($C$3+1)))*(LARGE(DEBIT_15HARIAN!$K$7:$K$31,INT($B8*($C$3+1))+1)-LARGE(DEBIT_15HARIAN!$K$7:$K$31,INT($B8*($C$3+1))))))) | M8: =IF($C$3<1,"",IF(INT($B8*($C$3+1))<1,LARGE(DEBIT_15HARIAN!$L$7:$L$31,1),IF(INT($B8*($C$3+1))>=$C$3,LARGE(DEBIT_15HARIAN!$L$7:$L$31,$C$3),LARGE(DEBIT_15HARIAN!$L$7:$L$31,INT($B8*($C$3+1)))+($B8*($C$3+1)-INT($B8*($C$3+1)))*(LARGE(DEBIT_15HARIAN!$L$7:$L$31,INT($B8*($C$3+1))+1)-LARGE(DEBIT_15HARIAN!$L$7:$L$31,INT($B8*($C$3+1))))))) | N8: =IF($C$3<1,"",IF(INT($B8*($C$3+1))<1,LARGE(DEBIT_15HARIAN!$M$7:$M$31,1),IF(INT($B8*($C$3+1))>=$C$3,LARGE(DEBIT_15HARIAN!$M$7:$M$31,$C$3),LARGE(DEBIT_15HARIAN!$M$7:$M$31,INT($B8*($C$3+1)))+($B8*($C$3+1)-INT($B8*($C$3+1)))*(LARGE(DEBIT_15HARIAN!$M$7:$M$31,INT($B8*($C$3+1))+1)-LARGE(DEBIT_15HARIAN!$M$7:$M$31,INT($B8*($C$3+1))))))) | O8: =IF($C$3<1,"",IF(INT($B8*($C$3+1))<1,LARGE(DEBIT_15HARIAN!$N$7:$N$31,1),IF(INT($B8*($C$3+1))>=$C$3,LARGE(DEBIT_15HARIAN!$N$7:$N$31,$C$3),LARGE(DEBIT_15HARIAN!$N$7:$N$31,INT($B8*($C$3+1)))+($B8*($C$3+1)-INT($B8*($C$3+1)))*(LARGE(DEBIT_15HARIAN!$N$7:$N$31,INT($B8*($C$3+1))+1)-LARGE(DEBIT_15HARIAN!$N$7:$N$31,INT($B8*($C$3+1))))))) | P8: =IF($C$3<1,"",IF(INT($B8*($C$3+1))<1,LARGE(DEBIT_15HARIAN!$O$7:$O$31,1),IF(INT($B8*($C$3+1))>=$C$3,LARGE(DEBIT_15HARIAN!$O$7:$O$31,$C$3),LARGE(DEBIT_15HARIAN!$O$7:$O$31,INT($B8*($C$3+1)))+($B8*($C$3+1)-INT($B8*($C$3+1)))*(LARGE(DEBIT_15HARIAN!$O$7:$O$31,INT($B8*($C$3+1))+1)-LARGE(DEBIT_15HARIAN!$O$7:$O$31,INT($B8*($C$3+1))))))) | Q8: =IF($C$3<1,"",IF(INT($B8*($C$3+1))<1,LARGE(DEBIT_15HARIAN!$P$7:$P$31,1),IF(INT($B8*($C$3+1))>=$C$3,LARGE(DEBIT_15HARIAN!$P$7:$P$31,$C$3),LARGE(DEBIT_15HARIAN!$P$7:$P$31,INT($B8*($C$3+1)))+($B8*($C$3+1)-INT($B8*($C$3+1)))*(LARGE(DEBIT_15HARIAN!$P$7:$P$31,INT($B8*($C$3+1))+1)-LARGE(DEBIT_15HARIAN!$P$7:$P$31,INT($B8*($C$3+1))))))) | R8: =IF($C$3<1,"",IF(INT($B8*($C$3+1))<1,LARGE(DEBIT_15HARIAN!$Q$7:$Q$31,1),IF(INT($B8*($C$3+1))>=$C$3,LARGE(DEBIT_15HARIAN!$Q$7:$Q$31,$C$3),LARGE(DEBIT_15HARIAN!$Q$7:$Q$31,INT($B8*($C$3+1)))+($B8*($C$3+1)-INT($B8*($C$3+1)))*(LARGE(DEBIT_15HARIAN!$Q$7:$Q$31,INT($B8*($C$3+1))+1)-LARGE(DEBIT_15HARIAN!$Q$7:$Q$31,INT($B8*($C$3+1))))))) | S8: =IF($C$3<1,"",IF(INT($B8*($C$3+1))<1,LARGE(DEBIT_15HARIAN!$R$7:$R$31,1),IF(INT($B8*($C$3+1))>=$C$3,LARGE(DEBIT_15HARIAN!$R$7:$R$31,$C$3),LARGE(DEBIT_15HARIAN!$R$7:$R$31,INT($B8*($C$3+1)))+($B8*($C$3+1)-INT($B8*($C$3+1)))*(LARGE(DEBIT_15HARIAN!$R$7:$R$31,INT($B8*($C$3+1))+1)-LARGE(DEBIT_15HARIAN!$R$7:$R$31,INT($B8*($C$3+1))))))) | T8: =IF($C$3<1,"",IF(INT($B8*($C$3+1))<1,LARGE(DEBIT_15HARIAN!$S$7:$S$31,1),IF(INT($B8*($C$3+1))>=$C$3,LARGE(DEBIT_15HARIAN!$S$7:$S$31,$C$3),LARGE(DEBIT_15HARIAN!$S$7:$S$31,INT($B8*($C$3+1)))+($B8*($C$3+1)-INT($B8*($C$3+1)))*(LARGE(DEBIT_15HARIAN!$S$7:$S$31,INT($B8*($C$3+1))+1)-LARGE(DEBIT_15HARIAN!$S$7:$S$31,INT($B8*($C$3+1))))))) | U8: =IF($C$3<1,"",IF(INT($B8*($C$3+1))<1,LARGE(DEBIT_15HARIAN!$T$7:$T$31,1),IF(INT($B8*($C$3+1))>=$C$3,LARGE(DEBIT_15HARIAN!$T$7:$T$31,$C$3),LARGE(DEBIT_15HARIAN!$T$7:$T$31,INT($B8*($C$3+1)))+($B8*($C$3+1)-INT($B8*($C$3+1)))*(LARGE(DEBIT_15HARIAN!$T$7:$T$31,INT($B8*($C$3+1))+1)-LARGE(DEBIT_15HARIAN!$T$7:$T$31,INT($B8*($C$3+1))))))) | V8: =IF($C$3<1,"",IF(INT($B8*($C$3+1))<1,LARGE(DEBIT_15HARIAN!$U$7:$U$31,1),IF(INT($B8*($C$3+1))>=$C$3,LARGE(DEBIT_15HARIAN!$U$7:$U$31,$C$3),LARGE(DEBIT_15HARIAN!$U$7:$U$31,INT($B8*($C$3+1)))+($B8*($C$3+1)-INT($B8*($C$3+1)))*(LARGE(DEBIT_15HARIAN!$U$7:$U$31,INT($B8*($C$3+1))+1)-LARGE(DEBIT_15HARIAN!$U$7:$U$31,INT($B8*($C$3+1))))))) | W8: =IF($C$3<1,"",IF(INT($B8*($C$3+1))<1,LARGE(DEBIT_15HARIAN!$V$7:$V$31,1),IF(INT($B8*($C$3+1))>=$C$3,LARGE(DEBIT_15HARIAN!$V$7:$V$31,$C$3),LARGE(DEBIT_15HARIAN!$V$7:$V$31,INT($B8*($C$3+1)))+($B8*($C$3+1)-INT($B8*($C$3+1)))*(LARGE(DEBIT_15HARIAN!$V$7:$V$31,INT($B8*($C$3+1))+1)-LARGE(DEBIT_15HARIAN!$V$7:$V$31,INT($B8*($C$3+1))))))) | X8: =IF($C$3<1,"",IF(INT($B8*($C$3+1))<1,LARGE(DEBIT_15HARIAN!$W$7:$W$31,1),IF(INT($B8*($C$3+1))>=$C$3,LARGE(DEBIT_15HARIAN!$W$7:$W$31,$C$3),LARGE(DEBIT_15HARIAN!$W$7:$W$31,INT($B8*($C$3+1)))+($B8*($C$3+1)-INT($B8*($C$3+1)))*(LARGE(DEBIT_15HARIAN!$W$7:$W$31,INT($B8*($C$3+1))+1)-LARGE(DEBIT_15HARIAN!$W$7:$W$31,INT($B8*($C$3+1))))))) | Y8: =IF($C$3<1,"",IF(INT($B8*($C$3+1))<1,LARGE(DEBIT_15HARIAN!$X$7:$X$31,1),IF(INT($B8*($C$3+1))>=$C$3,LARGE(DEBIT_15HARIAN!$X$7:$X$31,$C$3),LARGE(DEBIT_15HARIAN!$X$7:$X$31,INT($B8*($C$3+1)))+($B8*($C$3+1)-INT($B8*($C$3+1)))*(LARGE(DEBIT_15HARIAN!$X$7:$X$31,INT($B8*($C$3+1))+1)-LARGE(DEBIT_15HARIAN!$X$7:$X$31,INT($B8*($C$3+1))))))) | Z8: =IF($C$3<1,"",IF(INT($B8*($C$3+1))<1,LARGE(DEBIT_15HARIAN!$Y$7:$Y$31,1),IF(INT($B8*($C$3+1))>=$C$3,LARGE(DEBIT_15HARIAN!$Y$7:$Y$31,$C$3),LARGE(DEBIT_15HARIAN!$Y$7:$Y$31,INT($B8*($C$3+1)))+($B8*($C$3+1)-INT($B8*($C$3+1)))*(LARGE(DEBIT_15HARIAN!$Y$7:$Y$31,INT($B8*($C$3+1))+1)-LARGE(DEBIT_15HARIAN!$Y$7:$Y$31,INT($B8*($C$3+1)))))))
A9: Q95 (m³/s) | B9: 0.95 | C9: =IF($C$3<1,"",IF(INT($B9*($C$3+1))<1,LARGE(DEBIT_15HARIAN!$B$7:$B$31,1),IF(INT($B9*($C$3+1))>=$C$3,LARGE(DEBIT_15HARIAN!$B$7:$B$31,$C$3),LARGE(DEBIT_15HARIAN!$B$7:$B$31,INT($B9*($C$3+1)))+($B9*($C$3+1)-INT($B9*($C$3+1)))*(LARGE(DEBIT_15HARIAN!$B$7:$B$31,INT($B9*($C$3+1))+1)-LARGE(DEBIT_15HARIAN!$B$7:$B$31,INT($B9*($C$3+1))))))) | D9: =IF($C$3<1,"",IF(INT($B9*($C$3+1))<1,LARGE(DEBIT_15HARIAN!$C$7:$C$31,1),IF(INT($B9*($C$3+1))>=$C$3,LARGE(DEBIT_15HARIAN!$C$7:$C$31,$C$3),LARGE(DEBIT_15HARIAN!$C$7:$C$31,INT($B9*($C$3+1)))+($B9*($C$3+1)-INT($B9*($C$3+1)))*(LARGE(DEBIT_15HARIAN!$C$7:$C$31,INT($B9*($C$3+1))+1)-LARGE(DEBIT_15HARIAN!$C$7:$C$31,INT($B9*($C$3+1))))))) | E9: =IF($C$3<1,"",IF(INT($B9*($C$3+1))<1,LARGE(DEBIT_15HARIAN!$D$7:$D$31,1),IF(INT($B9*($C$3+1))>=$C$3,LARGE(DEBIT_15HARIAN!$D$7:$D$31,$C$3),LARGE(DEBIT_15HARIAN!$D$7:$D$31,INT($B9*($C$3+1)))+($B9*($C$3+1)-INT($B9*($C$3+1)))*(LARGE(DEBIT_15HARIAN!$D$7:$D$31,INT($B9*($C$3+1))+1)-LARGE(DEBIT_15HARIAN!$D$7:$D$31,INT($B9*($C$3+1))))))) | F9: =IF($C$3<1,"",IF(INT($B9*($C$3+1))<1,LARGE(DEBIT_15HARIAN!$E$7:$E$31,1),IF(INT($B9*($C$3+1))>=$C$3,LARGE(DEBIT_15HARIAN!$E$7:$E$31,$C$3),LARGE(DEBIT_15HARIAN!$E$7:$E$31,INT($B9*($C$3+1)))+($B9*($C$3+1)-INT($B9*($C$3+1)))*(LARGE(DEBIT_15HARIAN!$E$7:$E$31,INT($B9*($C$3+1))+1)-LARGE(DEBIT_15HARIAN!$E$7:$E$31,INT($B9*($C$3+1))))))) | G9: =IF($C$3<1,"",IF(INT($B9*($C$3+1))<1,LARGE(DEBIT_15HARIAN!$F$7:$F$31,1),IF(INT($B9*($C$3+1))>=$C$3,LARGE(DEBIT_15HARIAN!$F$7:$F$31,$C$3),LARGE(DEBIT_15HARIAN!$F$7:$F$31,INT($B9*($C$3+1)))+($B9*($C$3+1)-INT($B9*($C$3+1)))*(LARGE(DEBIT_15HARIAN!$F$7:$F$31,INT($B9*($C$3+1))+1)-LARGE(DEBIT_15HARIAN!$F$7:$F$31,INT($B9*($C$3+1))))))) | H9: =IF($C$3<1,"",IF(INT($B9*($C$3+1))<1,LARGE(DEBIT_15HARIAN!$G$7:$G$31,1),IF(INT($B9*($C$3+1))>=$C$3,LARGE(DEBIT_15HARIAN!$G$7:$G$31,$C$3),LARGE(DEBIT_15HARIAN!$G$7:$G$31,INT($B9*($C$3+1)))+($B9*($C$3+1)-INT($B9*($C$3+1)))*(LARGE(DEBIT_15HARIAN!$G$7:$G$31,INT($B9*($C$3+1))+1)-LARGE(DEBIT_15HARIAN!$G$7:$G$31,INT($B9*($C$3+1))))))) | I9: =IF($C$3<1,"",IF(INT($B9*($C$3+1))<1,LARGE(DEBIT_15HARIAN!$H$7:$H$31,1),IF(INT($B9*($C$3+1))>=$C$3,LARGE(DEBIT_15HARIAN!$H$7:$H$31,$C$3),LARGE(DEBIT_15HARIAN!$H$7:$H$31,INT($B9*($C$3+1)))+($B9*($C$3+1)-INT($B9*($C$3+1)))*(LARGE(DEBIT_15HARIAN!$H$7:$H$31,INT($B9*($C$3+1))+1)-LARGE(DEBIT_15HARIAN!$H$7:$H$31,INT($B9*($C$3+1))))))) | J9: =IF($C$3<1,"",IF(INT($B9*($C$3+1))<1,LARGE(DEBIT_15HARIAN!$I$7:$I$31,1),IF(INT($B9*($C$3+1))>=$C$3,LARGE(DEBIT_15HARIAN!$I$7:$I$31,$C$3),LARGE(DEBIT_15HARIAN!$I$7:$I$31,INT($B9*($C$3+1)))+($B9*($C$3+1)-INT($B9*($C$3+1)))*(LARGE(DEBIT_15HARIAN!$I$7:$I$31,INT($B9*($C$3+1))+1)-LARGE(DEBIT_15HARIAN!$I$7:$I$31,INT($B9*($C$3+1))))))) | K9: =IF($C$3<1,"",IF(INT($B9*($C$3+1))<1,LARGE(DEBIT_15HARIAN!$J$7:$J$31,1),IF(INT($B9*($C$3+1))>=$C$3,LARGE(DEBIT_15HARIAN!$J$7:$J$31,$C$3),LARGE(DEBIT_15HARIAN!$J$7:$J$31,INT($B9*($C$3+1)))+($B9*($C$3+1)-INT($B9*($C$3+1)))*(LARGE(DEBIT_15HARIAN!$J$7:$J$31,INT($B9*($C$3+1))+1)-LARGE(DEBIT_15HARIAN!$J$7:$J$31,INT($B9*($C$3+1))))))) | L9: =IF($C$3<1,"",IF(INT($B9*($C$3+1))<1,LARGE(DEBIT_15HARIAN!$K$7:$K$31,1),IF(INT($B9*($C$3+1))>=$C$3,LARGE(DEBIT_15HARIAN!$K$7:$K$31,$C$3),LARGE(DEBIT_15HARIAN!$K$7:$K$31,INT($B9*($C$3+1)))+($B9*($C$3+1)-INT($B9*($C$3+1)))*(LARGE(DEBIT_15HARIAN!$K$7:$K$31,INT($B9*($C$3+1))+1)-LARGE(DEBIT_15HARIAN!$K$7:$K$31,INT($B9*($C$3+1))))))) | M9: =IF($C$3<1,"",IF(INT($B9*($C$3+1))<1,LARGE(DEBIT_15HARIAN!$L$7:$L$31,1),IF(INT($B9*($C$3+1))>=$C$3,LARGE(DEBIT_15HARIAN!$L$7:$L$31,$C$3),LARGE(DEBIT_15HARIAN!$L$7:$L$31,INT($B9*($C$3+1)))+($B9*($C$3+1)-INT($B9*($C$3+1)))*(LARGE(DEBIT_15HARIAN!$L$7:$L$31,INT($B9*($C$3+1))+1)-LARGE(DEBIT_15HARIAN!$L$7:$L$31,INT($B9*($C$3+1))))))) | N9: =IF($C$3<1,"",IF(INT($B9*($C$3+1))<1,LARGE(DEBIT_15HARIAN!$M$7:$M$31,1),IF(INT($B9*($C$3+1))>=$C$3,LARGE(DEBIT_15HARIAN!$M$7:$M$31,$C$3),LARGE(DEBIT_15HARIAN!$M$7:$M$31,INT($B9*($C$3+1)))+($B9*($C$3+1)-INT($B9*($C$3+1)))*(LARGE(DEBIT_15HARIAN!$M$7:$M$31,INT($B9*($C$3+1))+1)-LARGE(DEBIT_15HARIAN!$M$7:$M$31,INT($B9*($C$3+1))))))) | O9: =IF($C$3<1,"",IF(INT($B9*($C$3+1))<1,LARGE(DEBIT_15HARIAN!$N$7:$N$31,1),IF(INT($B9*($C$3+1))>=$C$3,LARGE(DEBIT_15HARIAN!$N$7:$N$31,$C$3),LARGE(DEBIT_15HARIAN!$N$7:$N$31,INT($B9*($C$3+1)))+($B9*($C$3+1)-INT($B9*($C$3+1)))*(LARGE(DEBIT_15HARIAN!$N$7:$N$31,INT($B9*($C$3+1))+1)-LARGE(DEBIT_15HARIAN!$N$7:$N$31,INT($B9*($C$3+1))))))) | P9: =IF($C$3<1,"",IF(INT($B9*($C$3+1))<1,LARGE(DEBIT_15HARIAN!$O$7:$O$31,1),IF(INT($B9*($C$3+1))>=$C$3,LARGE(DEBIT_15HARIAN!$O$7:$O$31,$C$3),LARGE(DEBIT_15HARIAN!$O$7:$O$31,INT($B9*($C$3+1)))+($B9*($C$3+1)-INT($B9*($C$3+1)))*(LARGE(DEBIT_15HARIAN!$O$7:$O$31,INT($B9*($C$3+1))+1)-LARGE(DEBIT_15HARIAN!$O$7:$O$31,INT($B9*($C$3+1))))))) | Q9: =IF($C$3<1,"",IF(INT($B9*($C$3+1))<1,LARGE(DEBIT_15HARIAN!$P$7:$P$31,1),IF(INT($B9*($C$3+1))>=$C$3,LARGE(DEBIT_15HARIAN!$P$7:$P$31,$C$3),LARGE(DEBIT_15HARIAN!$P$7:$P$31,INT($B9*($C$3+1)))+($B9*($C$3+1)-INT($B9*($C$3+1)))*(LARGE(DEBIT_15HARIAN!$P$7:$P$31,INT($B9*($C$3+1))+1)-LARGE(DEBIT_15HARIAN!$P$7:$P$31,INT($B9*($C$3+1))))))) | R9: =IF($C$3<1,"",IF(INT($B9*($C$3+1))<1,LARGE(DEBIT_15HARIAN!$Q$7:$Q$31,1),IF(INT($B9*($C$3+1))>=$C$3,LARGE(DEBIT_15HARIAN!$Q$7:$Q$31,$C$3),LARGE(DEBIT_15HARIAN!$Q$7:$Q$31,INT($B9*($C$3+1)))+($B9*($C$3+1)-INT($B9*($C$3+1)))*(LARGE(DEBIT_15HARIAN!$Q$7:$Q$31,INT($B9*($C$3+1))+1)-LARGE(DEBIT_15HARIAN!$Q$7:$Q$31,INT($B9*($C$3+1))))))) | S9: =IF($C$3<1,"",IF(INT($B9*($C$3+1))<1,LARGE(DEBIT_15HARIAN!$R$7:$R$31,1),IF(INT($B9*($C$3+1))>=$C$3,LARGE(DEBIT_15HARIAN!$R$7:$R$31,$C$3),LARGE(DEBIT_15HARIAN!$R$7:$R$31,INT($B9*($C$3+1)))+($B9*($C$3+1)-INT($B9*($C$3+1)))*(LARGE(DEBIT_15HARIAN!$R$7:$R$31,INT($B9*($C$3+1))+1)-LARGE(DEBIT_15HARIAN!$R$7:$R$31,INT($B9*($C$3+1))))))) | T9: =IF($C$3<1,"",IF(INT($B9*($C$3+1))<1,LARGE(DEBIT_15HARIAN!$S$7:$S$31,1),IF(INT($B9*($C$3+1))>=$C$3,LARGE(DEBIT_15HARIAN!$S$7:$S$31,$C$3),LARGE(DEBIT_15HARIAN!$S$7:$S$31,INT($B9*($C$3+1)))+($B9*($C$3+1)-INT($B9*($C$3+1)))*(LARGE(DEBIT_15HARIAN!$S$7:$S$31,INT($B9*($C$3+1))+1)-LARGE(DEBIT_15HARIAN!$S$7:$S$31,INT($B9*($C$3+1))))))) | U9: =IF($C$3<1,"",IF(INT($B9*($C$3+1))<1,LARGE(DEBIT_15HARIAN!$T$7:$T$31,1),IF(INT($B9*($C$3+1))>=$C$3,LARGE(DEBIT_15HARIAN!$T$7:$T$31,$C$3),LARGE(DEBIT_15HARIAN!$T$7:$T$31,INT($B9*($C$3+1)))+($B9*($C$3+1)-INT($B9*($C$3+1)))*(LARGE(DEBIT_15HARIAN!$T$7:$T$31,INT($B9*($C$3+1))+1)-LARGE(DEBIT_15HARIAN!$T$7:$T$31,INT($B9*($C$3+1))))))) | V9: =IF($C$3<1,"",IF(INT($B9*($C$3+1))<1,LARGE(DEBIT_15HARIAN!$U$7:$U$31,1),IF(INT($B9*($C$3+1))>=$C$3,LARGE(DEBIT_15HARIAN!$U$7:$U$31,$C$3),LARGE(DEBIT_15HARIAN!$U$7:$U$31,INT($B9*($C$3+1)))+($B9*($C$3+1)-INT($B9*($C$3+1)))*(LARGE(DEBIT_15HARIAN!$U$7:$U$31,INT($B9*($C$3+1))+1)-LARGE(DEBIT_15HARIAN!$U$7:$U$31,INT($B9*($C$3+1))))))) | W9: =IF($C$3<1,"",IF(INT($B9*($C$3+1))<1,LARGE(DEBIT_15HARIAN!$V$7:$V$31,1),IF(INT($B9*($C$3+1))>=$C$3,LARGE(DEBIT_15HARIAN!$V$7:$V$31,$C$3),LARGE(DEBIT_15HARIAN!$V$7:$V$31,INT($B9*($C$3+1)))+($B9*($C$3+1)-INT($B9*($C$3+1)))*(LARGE(DEBIT_15HARIAN!$V$7:$V$31,INT($B9*($C$3+1))+1)-LARGE(DEBIT_15HARIAN!$V$7:$V$31,INT($B9*($C$3+1))))))) | X9: =IF($C$3<1,"",IF(INT($B9*($C$3+1))<1,LARGE(DEBIT_15HARIAN!$W$7:$W$31,1),IF(INT($B9*($C$3+1))>=$C$3,LARGE(DEBIT_15HARIAN!$W$7:$W$31,$C$3),LARGE(DEBIT_15HARIAN!$W$7:$W$31,INT($B9*($C$3+1)))+($B9*($C$3+1)-INT($B9*($C$3+1)))*(LARGE(DEBIT_15HARIAN!$W$7:$W$31,INT($B9*($C$3+1))+1)-LARGE(DEBIT_15HARIAN!$W$7:$W$31,INT($B9*($C$3+1))))))) | Y9: =IF($C$3<1,"",IF(INT($B9*($C$3+1))<1,LARGE(DEBIT_15HARIAN!$X$7:$X$31,1),IF(INT($B9*($C$3+1))>=$C$3,LARGE(DEBIT_15HARIAN!$X$7:$X$31,$C$3),LARGE(DEBIT_15HARIAN!$X$7:$X$31,INT($B9*($C$3+1)))+($B9*($C$3+1)-INT($B9*($C$3+1)))*(LARGE(DEBIT_15HARIAN!$X$7:$X$31,INT($B9*($C$3+1))+1)-LARGE(DEBIT_15HARIAN!$X$7:$X$31,INT($B9*($C$3+1))))))) | Z9: =IF($C$3<1,"",IF(INT($B9*($C$3+1))<1,LARGE(DEBIT_15HARIAN!$Y$7:$Y$31,1),IF(INT($B9*($C$3+1))>=$C$3,LARGE(DEBIT_15HARIAN!$Y$7:$Y$31,$C$3),LARGE(DEBIT_15HARIAN!$Y$7:$Y$31,INT($B9*($C$3+1)))+($B9*($C$3+1)-INT($B9*($C$3+1)))*(LARGE(DEBIT_15HARIAN!$Y$7:$Y$31,INT($B9*($C$3+1))+1)-LARGE(DEBIT_15HARIAN!$Y$7:$Y$31,INT($B9*($C$3+1)))))))
A10: Rata-rata (m³/s) | C10: =IFERROR(AVERAGE(DEBIT_15HARIAN!$B$7:$B$31),"") | D10: =IFERROR(AVERAGE(DEBIT_15HARIAN!$C$7:$C$31),"") | E10: =IFERROR(AVERAGE(DEBIT_15HARIAN!$D$7:$D$31),"") | F10: =IFERROR(AVERAGE(DEBIT_15HARIAN!$E$7:$E$31),"") | G10: =IFERROR(AVERAGE(DEBIT_15HARIAN!$F$7:$F$31),"") | H10: =IFERROR(AVERAGE(DEBIT_15HARIAN!$G$7:$G$31),"") | I10: =IFERROR(AVERAGE(DEBIT_15HARIAN!$H$7:$H$31),"") | J10: =IFERROR(AVERAGE(DEBIT_15HARIAN!$I$7:$I$31),"") | K10: =IFERROR(AVERAGE(DEBIT_15HARIAN!$J$7:$J$31),"") | L10: =IFERROR(AVERAGE(DEBIT_15HARIAN!$K$7:$K$31),"") | M10: =IFERROR(AVERAGE(DEBIT_15HARIAN!$L$7:$L$31),"") | N10: =IFERROR(AVERAGE(DEBIT_15HARIAN!$M$7:$M$31),"") | O10: =IFERROR(AVERAGE(DEBIT_15HARIAN!$N$7:$N$31),"") | P10: =IFERROR(AVERAGE(DEBIT_15HARIAN!$O$7:$O$31),"") | Q10: =IFERROR(AVERAGE(DEBIT_15HARIAN!$P$7:$P$31),"") | R10: =IFERROR(AVERAGE(DEBIT_15HARIAN!$Q$7:$Q$31),"") | S10: =IFERROR(AVERAGE(DEBIT_15HARIAN!$R$7:$R$31),"") | T10: =IFERROR(AVERAGE(DEBIT_15HARIAN!$S$7:$S$31),"") | U10: =IFERROR(AVERAGE(DEBIT_15HARIAN!$T$7:$T$31),"") | V10: =IFERROR(AVERAGE(DEBIT_15HARIAN!$U$7:$U$31),"") | W10: =IFERROR(AVERAGE(DEBIT_15HARIAN!$V$7:$V$31),"") | X10: =IFERROR(AVERAGE(DEBIT_15HARIAN!$W$7:$W$31),"") | Y10: =IFERROR(AVERAGE(DEBIT_15HARIAN!$X$7:$X$31),"") | Z10: =IFERROR(AVERAGE(DEBIT_15HARIAN!$Y$7:$Y$31),"")
A11: Q50 = debit normal; Q80 = debit andalan irigasi; Q90 = air baku / domestik; Q95 = aliran pemeliharaan sungai (acuan umum, sesuaikan dengan pedoman yang Anda pakai).
A33: Peringkat Weibull (debit 15 harian diurutkan dari terbesar)
A34: Peringkat m | B34: P = m/(n+1) | C34: Jan I | D34: Jan II | E34: Feb I | F34: Feb II | G34: Mar I | H34: Mar II | I34: Apr I | J34: Apr II | K34: Mei I | L34: Mei II | M34: Jun I | N34: Jun II | O34: Jul I | P34: Jul II | Q34: Agu I | R34: Agu II | S34: Sep I | T34: Sep II | U34: Okt I | V34: Okt II | W34: Nov I | X34: Nov II | Y34: Des I | Z34: Des II
A35: 1 | B35: =IF(A35>$C$3,"",A35/($C$3+1)) | C35: =IF($A35>$C$3,"",LARGE(DEBIT_15HARIAN!$B$7:$B$31,$A35)) | D35: =IF($A35>$C$3,"",LARGE(DEBIT_15HARIAN!$C$7:$C$31,$A35)) | E35: =IF($A35>$C$3,"",LARGE(DEBIT_15HARIAN!$D$7:$D$31,$A35)) | F35: =IF($A35>$C$3,"",LARGE(DEBIT_15HARIAN!$E$7:$E$31,$A35)) | G35: =IF($A35>$C$3,"",LARGE(DEBIT_15HARIAN!$F$7:$F$31,$A35)) | H35: =IF($A35>$C$3,"",LARGE(DEBIT_15HARIAN!$G$7:$G$31,$A35)) | I35: =IF($A35>$C$3,"",LARGE(DEBIT_15HARIAN!$H$7:$H$31,$A35)) | J35: =IF($A35>$C$3,"",LARGE(DEBIT_15HARIAN!$I$7:$I$31,$A35)) | K35: =IF($A35>$C$3,"",LARGE(DEBIT_15HARIAN!$J$7:$J$31,$A35)) | L35: =IF($A35>$C$3,"",LARGE(DEBIT_15HARIAN!$K$7:$K$31,$A35)) | M35: =IF($A35>$C$3,"",LARGE(DEBIT_15HARIAN!$L$7:$L$31,$A35)) | N35: =IF($A35>$C$3,"",LARGE(DEBIT_15HARIAN!$M$7:$M$31,$A35)) | O35: =IF($A35>$C$3,"",LARGE(DEBIT_15HARIAN!$N$7:$N$31,$A35)) | P35: =IF($A35>$C$3,"",LARGE(DEBIT_15HARIAN!$O$7:$O$31,$A35)) | Q35: =IF($A35>$C$3,"",LARGE(DEBIT_15HARIAN!$P$7:$P$31,$A35)) | R35: =IF($A35>$C$3,"",LARGE(DEBIT_15HARIAN!$Q$7:$Q$31,$A35)) | S35: =IF($A35>$C$3,"",LARGE(DEBIT_15HARIAN!$R$7:$R$31,$A35)) | T35: =IF($A35>$C$3,"",LARGE(DEBIT_15HARIAN!$S$7:$S$31,$A35)) | U35: =IF($A35>$C$3,"",LARGE(DEBIT_15HARIAN!$T$7:$T$31,$A35)) | V35: =IF($A35>$C$3,"",LARGE(DEBIT_15HARIAN!$U$7:$U$31,$A35)) | W35: =IF($A35>$C$3,"",LARGE(DEBIT_15HARIAN!$V$7:$V$31,$A35)) | X35: =IF($A35>$C$3,"",LARGE(DEBIT_15HARIAN!$W$7:$W$31,$A35)) | Y35: =IF($A35>$C$3,"",LARGE(DEBIT_15HARIAN!$X$7:$X$31,$A35)) | Z35: =IF($A35>$C$3,"",LARGE(DEBIT_15HARIAN!$Y$7:$Y$31,$A35))
A36: 2 | B36: =IF(A36>$C$3,"",A36/($C$3+1)) | C36: =IF($A36>$C$3,"",LARGE(DEBIT_15HARIAN!$B$7:$B$31,$A36)) | D36: =IF($A36>$C$3,"",LARGE(DEBIT_15HARIAN!$C$7:$C$31,$A36)) | E36: =IF($A36>$C$3,"",LARGE(DEBIT_15HARIAN!$D$7:$D$31,$A36)) | F36: =IF($A36>$C$3,"",LARGE(DEBIT_15HARIAN!$E$7:$E$31,$A36)) | G36: =IF($A36>$C$3,"",LARGE(DEBIT_15HARIAN!$F$7:$F$31,$A36)) | H36: =IF($A36>$C$3,"",LARGE(DEBIT_15HARIAN!$G$7:$G$31,$A36)) | I36: =IF($A36>$C$3,"",LARGE(DEBIT_15HARIAN!$H$7:$H$31,$A36)) | J36: =IF($A36>$C$3,"",LARGE(DEBIT_15HARIAN!$I$7:$I$31,$A36)) | K36: =IF($A36>$C$3,"",LARGE(DEBIT_15HARIAN!$J$7:$J$31,$A36)) | L36: =IF($A36>$C$3,"",LARGE(DEBIT_15HARIAN!$K$7:$K$31,$A36)) | M36: =IF($A36>$C$3,"",LARGE(DEBIT_15HARIAN!$L$7:$L$31,$A36)) | N36: =IF($A36>$C$3,"",LARGE(DEBIT_15HARIAN!$M$7:$M$31,$A36)) | O36: =IF($A36>$C$3,"",LARGE(DEBIT_15HARIAN!$N$7:$N$31,$A36)) | P36: =IF($A36>$C$3,"",LARGE(DEBIT_15HARIAN!$O$7:$O$31,$A36)) | Q36: =IF($A36>$C$3,"",LARGE(DEBIT_15HARIAN!$P$7:$P$31,$A36)) | R36: =IF($A36>$C$3,"",LARGE(DEBIT_15HARIAN!$Q$7:$Q$31,$A36)) | S36: =IF($A36>$C$3,"",LARGE(DEBIT_15HARIAN!$R$7:$R$31,$A36)) | T36: =IF($A36>$C$3,"",LARGE(DEBIT_15HARIAN!$S$7:$S$31,$A36)) | U36: =IF($A36>$C$3,"",LARGE(DEBIT_15HARIAN!$T$7:$T$31,$A36)) | V36: =IF($A36>$C$3,"",LARGE(DEBIT_15HARIAN!$U$7:$U$31,$A36)) | W36: =IF($A36>$C$3,"",LARGE(DEBIT_15HARIAN!$V$7:$V$31,$A36)) | X36: =IF($A36>$C$3,"",LARGE(DEBIT_15HARIAN!$W$7:$W$31,$A36)) | Y36: =IF($A36>$C$3,"",LARGE(DEBIT_15HARIAN!$X$7:$X$31,$A36)) | Z36: =IF($A36>$C$3,"",LARGE(DEBIT_15HARIAN!$Y$7:$Y$31,$A36))
A37: 3 | B37: =IF(A37>$C$3,"",A37/($C$3+1)) | C37: =IF($A37>$C$3,"",LARGE(DEBIT_15HARIAN!$B$7:$B$31,$A37)) | D37: =IF($A37>$C$3,"",LARGE(DEBIT_15HARIAN!$C$7:$C$31,$A37)) | E37: =IF($A37>$C$3,"",LARGE(DEBIT_15HARIAN!$D$7:$D$31,$A37)) | F37: =IF($A37>$C$3,"",LARGE(DEBIT_15HARIAN!$E$7:$E$31,$A37)) | G37: =IF($A37>$C$3,"",LARGE(DEBIT_15HARIAN!$F$7:$F$31,$A37)) | H37: =IF($A37>$C$3,"",LARGE(DEBIT_15HARIAN!$G$7:$G$31,$A37)) | I37: =IF($A37>$C$3,"",LARGE(DEBIT_15HARIAN!$H$7:$H$31,$A37)) | J37: =IF($A37>$C$3,"",LARGE(DEBIT_15HARIAN!$I$7:$I$31,$A37)) | K37: =IF($A37>$C$3,"",LARGE(DEBIT_15HARIAN!$J$7:$J$31,$A37)) | L37: =IF($A37>$C$3,"",LARGE(DEBIT_15HARIAN!$K$7:$K$31,$A37)) | M37: =IF($A37>$C$3,"",LARGE(DEBIT_15HARIAN!$L$7:$L$31,$A37)) | N37: =IF($A37>$C$3,"",LARGE(DEBIT_15HARIAN!$M$7:$M$31,$A37)) | O37: =IF($A37>$C$3,"",LARGE(DEBIT_15HARIAN!$N$7:$N$31,$A37)) | P37: =IF($A37>$C$3,"",LARGE(DEBIT_15HARIAN!$O$7:$O$31,$A37)) | Q37: =IF($A37>$C$3,"",LARGE(DEBIT_15HARIAN!$P$7:$P$31,$A37)) | R37: =IF($A37>$C$3,"",LARGE(DEBIT_15HARIAN!$Q$7:$Q$31,$A37)) | S37: =IF($A37>$C$3,"",LARGE(DEBIT_15HARIAN!$R$7:$R$31,$A37)) | T37: =IF($A37>$C$3,"",LARGE(DEBIT_15HARIAN!$S$7:$S$31,$A37)) | U37: =IF($A37>$C$3,"",LARGE(DEBIT_15HARIAN!$T$7:$T$31,$A37)) | V37: =IF($A37>$C$3,"",LARGE(DEBIT_15HARIAN!$U$7:$U$31,$A37)) | W37: =IF($A37>$C$3,"",LARGE(DEBIT_15HARIAN!$V$7:$V$31,$A37)) | X37: =IF($A37>$C$3,"",LARGE(DEBIT_15HARIAN!$W$7:$W$31,$A37)) | Y37: =IF($A37>$C$3,"",LARGE(DEBIT_15HARIAN!$X$7:$X$31,$A37)) | Z37: =IF($A37>$C$3,"",LARGE(DEBIT_15HARIAN!$Y$7:$Y$31,$A37))
A38: 4 | B38: =IF(A38>$C$3,"",A38/($C$3+1)) | C38: =IF($A38>$C$3,"",LARGE(DEBIT_15HARIAN!$B$7:$B$31,$A38)) | D38: =IF($A38>$C$3,"",LARGE(DEBIT_15HARIAN!$C$7:$C$31,$A38)) | E38: =IF($A38>$C$3,"",LARGE(DEBIT_15HARIAN!$D$7:$D$31,$A38)) | F38: =IF($A38>$C$3,"",LARGE(DEBIT_15HARIAN!$E$7:$E$31,$A38)) | G38: =IF($A38>$C$3,"",LARGE(DEBIT_15HARIAN!$F$7:$F$31,$A38)) | H38: =IF($A38>$C$3,"",LARGE(DEBIT_15HARIAN!$G$7:$G$31,$A38)) | I38: =IF($A38>$C$3,"",LARGE(DEBIT_15HARIAN!$H$7:$H$31,$A38)) | J38: =IF($A38>$C$3,"",LARGE(DEBIT_15HARIAN!$I$7:$I$31,$A38)) | K38: =IF($A38>$C$3,"",LARGE(DEBIT_15HARIAN!$J$7:$J$31,$A38)) | L38: =IF($A38>$C$3,"",LARGE(DEBIT_15HARIAN!$K$7:$K$31,$A38)) | M38: =IF($A38>$C$3,"",LARGE(DEBIT_15HARIAN!$L$7:$L$31,$A38)) | N38: =IF($A38>$C$3,"",LARGE(DEBIT_15HARIAN!$M$7:$M$31,$A38)) | O38: =IF($A38>$C$3,"",LARGE(DEBIT_15HARIAN!$N$7:$N$31,$A38)) | P38: =IF($A38>$C$3,"",LARGE(DEBIT_15HARIAN!$O$7:$O$31,$A38)) | Q38: =IF($A38>$C$3,"",LARGE(DEBIT_15HARIAN!$P$7:$P$31,$A38)) | R38: =IF($A38>$C$3,"",LARGE(DEBIT_15HARIAN!$Q$7:$Q$31,$A38)) | S38: =IF($A38>$C$3,"",LARGE(DEBIT_15HARIAN!$R$7:$R$31,$A38)) | T38: =IF($A38>$C$3,"",LARGE(DEBIT_15HARIAN!$S$7:$S$31,$A38)) | U38: =IF($A38>$C$3,"",LARGE(DEBIT_15HARIAN!$T$7:$T$31,$A38)) | V38: =IF($A38>$C$3,"",LARGE(DEBIT_15HARIAN!$U$7:$U$31,$A38)) | W38: =IF($A38>$C$3,"",LARGE(DEBIT_15HARIAN!$V$7:$V$31,$A38)) | X38: =IF($A38>$C$3,"",LARGE(DEBIT_15HARIAN!$W$7:$W$31,$A38)) | Y38: =IF($A38>$C$3,"",LARGE(DEBIT_15HARIAN!$X$7:$X$31,$A38)) | Z38: =IF($A38>$C$3,"",LARGE(DEBIT_15HARIAN!$Y$7:$Y$31,$A38))
A39: 5 | B39: =IF(A39>$C$3,"",A39/($C$3+1)) | C39: =IF($A39>$C$3,"",LARGE(DEBIT_15HARIAN!$B$7:$B$31,$A39)) | D39: =IF($A39>$C$3,"",LARGE(DEBIT_15HARIAN!$C$7:$C$31,$A39)) | E39: =IF($A39>$C$3,"",LARGE(DEBIT_15HARIAN!$D$7:$D$31,$A39)) | F39: =IF($A39>$C$3,"",LARGE(DEBIT_15HARIAN!$E$7:$E$31,$A39)) | G39: =IF($A39>$C$3,"",LARGE(DEBIT_15HARIAN!$F$7:$F$31,$A39)) | H39: =IF($A39>$C$3,"",LARGE(DEBIT_15HARIAN!$G$7:$G$31,$A39)) | I39: =IF($A39>$C$3,"",LARGE(DEBIT_15HARIAN!$H$7:$H$31,$A39)) | J39: =IF($A39>$C$3,"",LARGE(DEBIT_15HARIAN!$I$7:$I$31,$A39)) | K39: =IF($A39>$C$3,"",LARGE(DEBIT_15HARIAN!$J$7:$J$31,$A39)) | L39: =IF($A39>$C$3,"",LARGE(DEBIT_15HARIAN!$K$7:$K$31,$A39)) | M39: =IF($A39>$C$3,"",LARGE(DEBIT_15HARIAN!$L$7:$L$31,$A39)) | N39: =IF($A39>$C$3,"",LARGE(DEBIT_15HARIAN!$M$7:$M$31,$A39)) | O39: =IF($A39>$C$3,"",LARGE(DEBIT_15HARIAN!$N$7:$N$31,$A39)) | P39: =IF($A39>$C$3,"",LARGE(DEBIT_15HARIAN!$O$7:$O$31,$A39)) | Q39: =IF($A39>$C$3,"",LARGE(DEBIT_15HARIAN!$P$7:$P$31,$A39)) | R39: =IF($A39>$C$3,"",LARGE(DEBIT_15HARIAN!$Q$7:$Q$31,$A39)) | S39: =IF($A39>$C$3,"",LARGE(DEBIT_15HARIAN!$R$7:$R$31,$A39)) | T39: =IF($A39>$C$3,"",LARGE(DEBIT_15HARIAN!$S$7:$S$31,$A39)) | U39: =IF($A39>$C$3,"",LARGE(DEBIT_15HARIAN!$T$7:$T$31,$A39)) | V39: =IF($A39>$C$3,"",LARGE(DEBIT_15HARIAN!$U$7:$U$31,$A39)) | W39: =IF($A39>$C$3,"",LARGE(DEBIT_15HARIAN!$V$7:$V$31,$A39)) | X39: =IF($A39>$C$3,"",LARGE(DEBIT_15HARIAN!$W$7:$W$31,$A39)) | Y39: =IF($A39>$C$3,"",LARGE(DEBIT_15HARIAN!$X$7:$X$31,$A39)) | Z39: =IF($A39>$C$3,"",LARGE(DEBIT_15HARIAN!$Y$7:$Y$31,$A39))
A40: 6 | B40: =IF(A40>$C$3,"",A40/($C$3+1)) | C40: =IF($A40>$C$3,"",LARGE(DEBIT_15HARIAN!$B$7:$B$31,$A40)) | D40: =IF($A40>$C$3,"",LARGE(DEBIT_15HARIAN!$C$7:$C$31,$A40)) | E40: =IF($A40>$C$3,"",LARGE(DEBIT_15HARIAN!$D$7:$D$31,$A40)) | F40: =IF($A40>$C$3,"",LARGE(DEBIT_15HARIAN!$E$7:$E$31,$A40)) | G40: =IF($A40>$C$3,"",LARGE(DEBIT_15HARIAN!$F$7:$F$31,$A40)) | H40: =IF($A40>$C$3,"",LARGE(DEBIT_15HARIAN!$G$7:$G$31,$A40)) | I40: =IF($A40>$C$3,"",LARGE(DEBIT_15HARIAN!$H$7:$H$31,$A40)) | J40: =IF($A40>$C$3,"",LARGE(DEBIT_15HARIAN!$I$7:$I$31,$A40)) | K40: =IF($A40>$C$3,"",LARGE(DEBIT_15HARIAN!$J$7:$J$31,$A40)) | L40: =IF($A40>$C$3,"",LARGE(DEBIT_15HARIAN!$K$7:$K$31,$A40)) | M40: =IF($A40>$C$3,"",LARGE(DEBIT_15HARIAN!$L$7:$L$31,$A40)) | N40: =IF($A40>$C$3,"",LARGE(DEBIT_15HARIAN!$M$7:$M$31,$A40)) | O40: =IF($A40>$C$3,"",LARGE(DEBIT_15HARIAN!$N$7:$N$31,$A40)) | P40: =IF($A40>$C$3,"",LARGE(DEBIT_15HARIAN!$O$7:$O$31,$A40)) | Q40: =IF($A40>$C$3,"",LARGE(DEBIT_15HARIAN!$P$7:$P$31,$A40)) | R40: =IF($A40>$C$3,"",LARGE(DEBIT_15HARIAN!$Q$7:$Q$31,$A40)) | S40: =IF($A40>$C$3,"",LARGE(DEBIT_15HARIAN!$R$7:$R$31,$A40)) | T40: =IF($A40>$C$3,"",LARGE(DEBIT_15HARIAN!$S$7:$S$31,$A40)) | U40: =IF($A40>$C$3,"",LARGE(DEBIT_15HARIAN!$T$7:$T$31,$A40)) | V40: =IF($A40>$C$3,"",LARGE(DEBIT_15HARIAN!$U$7:$U$31,$A40)) | W40: =IF($A40>$C$3,"",LARGE(DEBIT_15HARIAN!$V$7:$V$31,$A40)) | X40: =IF($A40>$C$3,"",LARGE(DEBIT_15HARIAN!$W$7:$W$31,$A40)) | Y40: =IF($A40>$C$3,"",LARGE(DEBIT_15HARIAN!$X$7:$X$31,$A40)) | Z40: =IF($A40>$C$3,"",LARGE(DEBIT_15HARIAN!$Y$7:$Y$31,$A40))
A41: 7 | B41: =IF(A41>$C$3,"",A41/($C$3+1)) | C41: =IF($A41>$C$3,"",LARGE(DEBIT_15HARIAN!$B$7:$B$31,$A41)) | D41: =IF($A41>$C$3,"",LARGE(DEBIT_15HARIAN!$C$7:$C$31,$A41)) | E41: =IF($A41>$C$3,"",LARGE(DEBIT_15HARIAN!$D$7:$D$31,$A41)) | F41: =IF($A41>$C$3,"",LARGE(DEBIT_15HARIAN!$E$7:$E$31,$A41)) | G41: =IF($A41>$C$3,"",LARGE(DEBIT_15HARIAN!$F$7:$F$31,$A41)) | H41: =IF($A41>$C$3,"",LARGE(DEBIT_15HARIAN!$G$7:$G$31,$A41)) | I41: =IF($A41>$C$3,"",LARGE(DEBIT_15HARIAN!$H$7:$H$31,$A41)) | J41: =IF($A41>$C$3,"",LARGE(DEBIT_15HARIAN!$I$7:$I$31,$A41)) | K41: =IF($A41>$C$3,"",LARGE(DEBIT_15HARIAN!$J$7:$J$31,$A41)) | L41: =IF($A41>$C$3,"",LARGE(DEBIT_15HARIAN!$K$7:$K$31,$A41)) | M41: =IF($A41>$C$3,"",LARGE(DEBIT_15HARIAN!$L$7:$L$31,$A41)) | N41: =IF($A41>$C$3,"",LARGE(DEBIT_15HARIAN!$M$7:$M$31,$A41)) | O41: =IF($A41>$C$3,"",LARGE(DEBIT_15HARIAN!$N$7:$N$31,$A41)) | P41: =IF($A41>$C$3,"",LARGE(DEBIT_15HARIAN!$O$7:$O$31,$A41)) | Q41: =IF($A41>$C$3,"",LARGE(DEBIT_15HARIAN!$P$7:$P$31,$A41)) | R41: =IF($A41>$C$3,"",LARGE(DEBIT_15HARIAN!$Q$7:$Q$31,$A41)) | S41: =IF($A41>$C$3,"",LARGE(DEBIT_15HARIAN!$R$7:$R$31,$A41)) | T41: =IF($A41>$C$3,"",LARGE(DEBIT_15HARIAN!$S$7:$S$31,$A41)) | U41: =IF($A41>$C$3,"",LARGE(DEBIT_15HARIAN!$T$7:$T$31,$A41)) | V41: =IF($A41>$C$3,"",LARGE(DEBIT_15HARIAN!$U$7:$U$31,$A41)) | W41: =IF($A41>$C$3,"",LARGE(DEBIT_15HARIAN!$V$7:$V$31,$A41)) | X41: =IF($A41>$C$3,"",LARGE(DEBIT_15HARIAN!$W$7:$W$31,$A41)) | Y41: =IF($A41>$C$3,"",LARGE(DEBIT_15HARIAN!$X$7:$X$31,$A41)) | Z41: =IF($A41>$C$3,"",LARGE(DEBIT_15HARIAN!$Y$7:$Y$31,$A41))
A42: 8 | B42: =IF(A42>$C$3,"",A42/($C$3+1)) | C42: =IF($A42>$C$3,"",LARGE(DEBIT_15HARIAN!$B$7:$B$31,$A42)) | D42: =IF($A42>$C$3,"",LARGE(DEBIT_15HARIAN!$C$7:$C$31,$A42)) | E42: =IF($A42>$C$3,"",LARGE(DEBIT_15HARIAN!$D$7:$D$31,$A42)) | F42: =IF($A42>$C$3,"",LARGE(DEBIT_15HARIAN!$E$7:$E$31,$A42)) | G42: =IF($A42>$C$3,"",LARGE(DEBIT_15HARIAN!$F$7:$F$31,$A42)) | H42: =IF($A42>$C$3,"",LARGE(DEBIT_15HARIAN!$G$7:$G$31,$A42)) | I42: =IF($A42>$C$3,"",LARGE(DEBIT_15HARIAN!$H$7:$H$31,$A42)) | J42: =IF($A42>$C$3,"",LARGE(DEBIT_15HARIAN!$I$7:$I$31,$A42)) | K42: =IF($A42>$C$3,"",LARGE(DEBIT_15HARIAN!$J$7:$J$31,$A42)) | L42: =IF($A42>$C$3,"",LARGE(DEBIT_15HARIAN!$K$7:$K$31,$A42)) | M42: =IF($A42>$C$3,"",LARGE(DEBIT_15HARIAN!$L$7:$L$31,$A42)) | N42: =IF($A42>$C$3,"",LARGE(DEBIT_15HARIAN!$M$7:$M$31,$A42)) | O42: =IF($A42>$C$3,"",LARGE(DEBIT_15HARIAN!$N$7:$N$31,$A42)) | P42: =IF($A42>$C$3,"",LARGE(DEBIT_15HARIAN!$O$7:$O$31,$A42)) | Q42: =IF($A42>$C$3,"",LARGE(DEBIT_15HARIAN!$P$7:$P$31,$A42)) | R42: =IF($A42>$C$3,"",LARGE(DEBIT_15HARIAN!$Q$7:$Q$31,$A42)) | S42: =IF($A42>$C$3,"",LARGE(DEBIT_15HARIAN!$R$7:$R$31,$A42)) | T42: =IF($A42>$C$3,"",LARGE(DEBIT_15HARIAN!$S$7:$S$31,$A42)) | U42: =IF($A42>$C$3,"",LARGE(DEBIT_15HARIAN!$T$7:$T$31,$A42)) | V42: =IF($A42>$C$3,"",LARGE(DEBIT_15HARIAN!$U$7:$U$31,$A42)) | W42: =IF($A42>$C$3,"",LARGE(DEBIT_15HARIAN!$V$7:$V$31,$A42)) | X42: =IF($A42>$C$3,"",LARGE(DEBIT_15HARIAN!$W$7:$W$31,$A42)) | Y42: =IF($A42>$C$3,"",LARGE(DEBIT_15HARIAN!$X$7:$X$31,$A42)) | Z42: =IF($A42>$C$3,"",LARGE(DEBIT_15HARIAN!$Y$7:$Y$31,$A42))
A43: 9 | B43: =IF(A43>$C$3,"",A43/($C$3+1)) | C43: =IF($A43>$C$3,"",LARGE(DEBIT_15HARIAN!$B$7:$B$31,$A43)) | D43: =IF($A43>$C$3,"",LARGE(DEBIT_15HARIAN!$C$7:$C$31,$A43)) | E43: =IF($A43>$C$3,"",LARGE(DEBIT_15HARIAN!$D$7:$D$31,$A43)) | F43: =IF($A43>$C$3,"",LARGE(DEBIT_15HARIAN!$E$7:$E$31,$A43)) | G43: =IF($A43>$C$3,"",LARGE(DEBIT_15HARIAN!$F$7:$F$31,$A43)) | H43: =IF($A43>$C$3,"",LARGE(DEBIT_15HARIAN!$G$7:$G$31,$A43)) | I43: =IF($A43>$C$3,"",LARGE(DEBIT_15HARIAN!$H$7:$H$31,$A43)) | J43: =IF($A43>$C$3,"",LARGE(DEBIT_15HARIAN!$I$7:$I$31,$A43)) | K43: =IF($A43>$C$3,"",LARGE(DEBIT_15HARIAN!$J$7:$J$31,$A43)) | L43: =IF($A43>$C$3,"",LARGE(DEBIT_15HARIAN!$K$7:$K$31,$A43)) | M43: =IF($A43>$C$3,"",LARGE(DEBIT_15HARIAN!$L$7:$L$31,$A43)) | N43: =IF($A43>$C$3,"",LARGE(DEBIT_15HARIAN!$M$7:$M$31,$A43)) | O43: =IF($A43>$C$3,"",LARGE(DEBIT_15HARIAN!$N$7:$N$31,$A43)) | P43: =IF($A43>$C$3,"",LARGE(DEBIT_15HARIAN!$O$7:$O$31,$A43)) | Q43: =IF($A43>$C$3,"",LARGE(DEBIT_15HARIAN!$P$7:$P$31,$A43)) | R43: =IF($A43>$C$3,"",LARGE(DEBIT_15HARIAN!$Q$7:$Q$31,$A43)) | S43: =IF($A43>$C$3,"",LARGE(DEBIT_15HARIAN!$R$7:$R$31,$A43)) | T43: =IF($A43>$C$3,"",LARGE(DEBIT_15HARIAN!$S$7:$S$31,$A43)) | U43: =IF($A43>$C$3,"",LARGE(DEBIT_15HARIAN!$T$7:$T$31,$A43)) | V43: =IF($A43>$C$3,"",LARGE(DEBIT_15HARIAN!$U$7:$U$31,$A43)) | W43: =IF($A43>$C$3,"",LARGE(DEBIT_15HARIAN!$V$7:$V$31,$A43)) | X43: =IF($A43>$C$3,"",LARGE(DEBIT_15HARIAN!$W$7:$W$31,$A43)) | Y43: =IF($A43>$C$3,"",LARGE(DEBIT_15HARIAN!$X$7:$X$31,$A43)) | Z43: =IF($A43>$C$3,"",LARGE(DEBIT_15HARIAN!$Y$7:$Y$31,$A43))
A44: 10 | B44: =IF(A44>$C$3,"",A44/($C$3+1)) | C44: =IF($A44>$C$3,"",LARGE(DEBIT_15HARIAN!$B$7:$B$31,$A44)) | D44: =IF($A44>$C$3,"",LARGE(DEBIT_15HARIAN!$C$7:$C$31,$A44)) | E44: =IF($A44>$C$3,"",LARGE(DEBIT_15HARIAN!$D$7:$D$31,$A44)) | F44: =IF($A44>$C$3,"",LARGE(DEBIT_15HARIAN!$E$7:$E$31,$A44)) | G44: =IF($A44>$C$3,"",LARGE(DEBIT_15HARIAN!$F$7:$F$31,$A44)) | H44: =IF($A44>$C$3,"",LARGE(DEBIT_15HARIAN!$G$7:$G$31,$A44)) | I44: =IF($A44>$C$3,"",LARGE(DEBIT_15HARIAN!$H$7:$H$31,$A44)) | J44: =IF($A44>$C$3,"",LARGE(DEBIT_15HARIAN!$I$7:$I$31,$A44)) | K44: =IF($A44>$C$3,"",LARGE(DEBIT_15HARIAN!$J$7:$J$31,$A44)) | L44: =IF($A44>$C$3,"",LARGE(DEBIT_15HARIAN!$K$7:$K$31,$A44)) | M44: =IF($A44>$C$3,"",LARGE(DEBIT_15HARIAN!$L$7:$L$31,$A44)) | N44: =IF($A44>$C$3,"",LARGE(DEBIT_15HARIAN!$M$7:$M$31,$A44)) | O44: =IF($A44>$C$3,"",LARGE(DEBIT_15HARIAN!$N$7:$N$31,$A44)) | P44: =IF($A44>$C$3,"",LARGE(DEBIT_15HARIAN!$O$7:$O$31,$A44)) | Q44: =IF($A44>$C$3,"",LARGE(DEBIT_15HARIAN!$P$7:$P$31,$A44)) | R44: =IF($A44>$C$3,"",LARGE(DEBIT_15HARIAN!$Q$7:$Q$31,$A44)) | S44: =IF($A44>$C$3,"",LARGE(DEBIT_15HARIAN!$R$7:$R$31,$A44)) | T44: =IF($A44>$C$3,"",LARGE(DEBIT_15HARIAN!$S$7:$S$31,$A44)) | U44: =IF($A44>$C$3,"",LARGE(DEBIT_15HARIAN!$T$7:$T$31,$A44)) | V44: =IF($A44>$C$3,"",LARGE(DEBIT_15HARIAN!$U$7:$U$31,$A44)) | W44: =IF($A44>$C$3,"",LARGE(DEBIT_15HARIAN!$V$7:$V$31,$A44)) | X44: =IF($A44>$C$3,"",LARGE(DEBIT_15HARIAN!$W$7:$W$31,$A44)) | Y44: =IF($A44>$C$3,"",LARGE(DEBIT_15HARIAN!$X$7:$X$31,$A44)) | Z44: =IF($A44>$C$3,"",LARGE(DEBIT_15HARIAN!$Y$7:$Y$31,$A44))
A45: 11 | B45: =IF(A45>$C$3,"",A45/($C$3+1)) | C45: =IF($A45>$C$3,"",LARGE(DEBIT_15HARIAN!$B$7:$B$31,$A45)) | D45: =IF($A45>$C$3,"",LARGE(DEBIT_15HARIAN!$C$7:$C$31,$A45)) | E45: =IF($A45>$C$3,"",LARGE(DEBIT_15HARIAN!$D$7:$D$31,$A45)) | F45: =IF($A45>$C$3,"",LARGE(DEBIT_15HARIAN!$E$7:$E$31,$A45)) | G45: =IF($A45>$C$3,"",LARGE(DEBIT_15HARIAN!$F$7:$F$31,$A45)) | H45: =IF($A45>$C$3,"",LARGE(DEBIT_15HARIAN!$G$7:$G$31,$A45)) | I45: =IF($A45>$C$3,"",LARGE(DEBIT_15HARIAN!$H$7:$H$31,$A45)) | J45: =IF($A45>$C$3,"",LARGE(DEBIT_15HARIAN!$I$7:$I$31,$A45)) | K45: =IF($A45>$C$3,"",LARGE(DEBIT_15HARIAN!$J$7:$J$31,$A45)) | L45: =IF($A45>$C$3,"",LARGE(DEBIT_15HARIAN!$K$7:$K$31,$A45)) | M45: =IF($A45>$C$3,"",LARGE(DEBIT_15HARIAN!$L$7:$L$31,$A45)) | N45: =IF($A45>$C$3,"",LARGE(DEBIT_15HARIAN!$M$7:$M$31,$A45)) | O45: =IF($A45>$C$3,"",LARGE(DEBIT_15HARIAN!$N$7:$N$31,$A45)) | P45: =IF($A45>$C$3,"",LARGE(DEBIT_15HARIAN!$O$7:$O$31,$A45)) | Q45: =IF($A45>$C$3,"",LARGE(DEBIT_15HARIAN!$P$7:$P$31,$A45)) | R45: =IF($A45>$C$3,"",LARGE(DEBIT_15HARIAN!$Q$7:$Q$31,$A45)) | S45: =IF($A45>$C$3,"",LARGE(DEBIT_15HARIAN!$R$7:$R$31,$A45)) | T45: =IF($A45>$C$3,"",LARGE(DEBIT_15HARIAN!$S$7:$S$31,$A45)) | U45: =IF($A45>$C$3,"",LARGE(DEBIT_15HARIAN!$T$7:$T$31,$A45)) | V45: =IF($A45>$C$3,"",LARGE(DEBIT_15HARIAN!$U$7:$U$31,$A45)) | W45: =IF($A45>$C$3,"",LARGE(DEBIT_15HARIAN!$V$7:$V$31,$A45)) | X45: =IF($A45>$C$3,"",LARGE(DEBIT_15HARIAN!$W$7:$W$31,$A45)) | Y45: =IF($A45>$C$3,"",LARGE(DEBIT_15HARIAN!$X$7:$X$31,$A45)) | Z45: =IF($A45>$C$3,"",LARGE(DEBIT_15HARIAN!$Y$7:$Y$31,$A45))
A46: 12 | B46: =IF(A46>$C$3,"",A46/($C$3+1)) | C46: =IF($A46>$C$3,"",LARGE(DEBIT_15HARIAN!$B$7:$B$31,$A46)) | D46: =IF($A46>$C$3,"",LARGE(DEBIT_15HARIAN!$C$7:$C$31,$A46)) | E46: =IF($A46>$C$3,"",LARGE(DEBIT_15HARIAN!$D$7:$D$31,$A46)) | F46: =IF($A46>$C$3,"",LARGE(DEBIT_15HARIAN!$E$7:$E$31,$A46)) | G46: =IF($A46>$C$3,"",LARGE(DEBIT_15HARIAN!$F$7:$F$31,$A46)) | H46: =IF($A46>$C$3,"",LARGE(DEBIT_15HARIAN!$G$7:$G$31,$A46)) | I46: =IF($A46>$C$3,"",LARGE(DEBIT_15HARIAN!$H$7:$H$31,$A46)) | J46: =IF($A46>$C$3,"",LARGE(DEBIT_15HARIAN!$I$7:$I$31,$A46)) | K46: =IF($A46>$C$3,"",LARGE(DEBIT_15HARIAN!$J$7:$J$31,$A46)) | L46: =IF($A46>$C$3,"",LARGE(DEBIT_15HARIAN!$K$7:$K$31,$A46)) | M46: =IF($A46>$C$3,"",LARGE(DEBIT_15HARIAN!$L$7:$L$31,$A46)) | N46: =IF($A46>$C$3,"",LARGE(DEBIT_15HARIAN!$M$7:$M$31,$A46)) | O46: =IF($A46>$C$3,"",LARGE(DEBIT_15HARIAN!$N$7:$N$31,$A46)) | P46: =IF($A46>$C$3,"",LARGE(DEBIT_15HARIAN!$O$7:$O$31,$A46)) | Q46: =IF($A46>$C$3,"",LARGE(DEBIT_15HARIAN!$P$7:$P$31,$A46)) | R46: =IF($A46>$C$3,"",LARGE(DEBIT_15HARIAN!$Q$7:$Q$31,$A46)) | S46: =IF($A46>$C$3,"",LARGE(DEBIT_15HARIAN!$R$7:$R$31,$A46)) | T46: =IF($A46>$C$3,"",LARGE(DEBIT_15HARIAN!$S$7:$S$31,$A46)) | U46: =IF($A46>$C$3,"",LARGE(DEBIT_15HARIAN!$T$7:$T$31,$A46)) | V46: =IF($A46>$C$3,"",LARGE(DEBIT_15HARIAN!$U$7:$U$31,$A46)) | W46: =IF($A46>$C$3,"",LARGE(DEBIT_15HARIAN!$V$7:$V$31,$A46)) | X46: =IF($A46>$C$3,"",LARGE(DEBIT_15HARIAN!$W$7:$W$31,$A46)) | Y46: =IF($A46>$C$3,"",LARGE(DEBIT_15HARIAN!$X$7:$X$31,$A46)) | Z46: =IF($A46>$C$3,"",LARGE(DEBIT_15HARIAN!$Y$7:$Y$31,$A46))
... A59: 25 | B59: =IF(A59>$C$3,"",A59/($C$3+1)) | C59: =IF($A59>$C$3,"",LARGE(DEBIT_15HARIAN!$B$7:$B$31,$A59)) | D59: =IF($A59>$C$3,"",LARGE(DEBIT_15HARIAN!$C$7:$C$31,$A59)) | E59: =IF($A59>$C$3,"",LARGE(DEBIT_15HARIAN!$D$7:$D$31,$A59)) | F59: =IF($A59>$C$3,"",LARGE(DEBIT_15HARIAN!$E$7:$E$31,$A59)) | G59: =IF($A59>$C$3,"",LARGE(DEBIT_15HARIAN!$F$7:$F$31,$A59)) | H59: =IF($A59>$C$3,"",LARGE(DEBIT_15HARIAN!$G$7:$G$31,$A59)) | I59: =IF($A59>$C$3,"",LARGE(DEBIT_15HARIAN!$H$7:$H$31,$A59)) | J59: =IF($A59>$C$3,"",LARGE(DEBIT_15HARIAN!$I$7:$I$31,$A59)) | K59: =IF($A59>$C$3,"",LARGE(DEBIT_15HARIAN!$J$7:$J$31,$A59)) | L59: =IF($A59>$C$3,"",LARGE(DEBIT_15HARIAN!$K$7:$K$31,$A59)) | M59: =IF($A59>$C$3,"",LARGE(DEBIT_15HARIAN!$L$7:$L$31,$A59)) | N59: =IF($A59>$C$3,"",LARGE(DEBIT_15HARIAN!$M$7:$M$31,$A59)) | O59: =IF($A59>$C$3,"",LARGE(DEBIT_15HARIAN!$N$7:$N$31,$A59)) | P59: =IF($A59>$C$3,"",LARGE(DEBIT_15HARIAN!$O$7:$O$31,$A59)) | Q59: =IF($A59>$C$3,"",LARGE(DEBIT_15HARIAN!$P$7:$P$31,$A59)) | R59: =IF($A59>$C$3,"",LARGE(DEBIT_15HARIAN!$Q$7:$Q$31,$A59)) | S59: =IF($A59>$C$3,"",LARGE(DEBIT_15HARIAN!$R$7:$R$31,$A59)) | T59: =IF($A59>$C$3,"",LARGE(DEBIT_15HARIAN!$S$7:$S$31,$A59)) | U59: =IF($A59>$C$3,"",LARGE(DEBIT_15HARIAN!$T$7:$T$31,$A59)) | V59: =IF($A59>$C$3,"",LARGE(DEBIT_15HARIAN!$U$7:$U$31,$A59)) | W59: =IF($A59>$C$3,"",LARGE(DEBIT_15HARIAN!$V$7:$V$31,$A59)) | X59: =IF($A59>$C$3,"",LARGE(DEBIT_15HARIAN!$W$7:$W$31,$A59)) | Y59: =IF($A59>$C$3,"",LARGE(DEBIT_15HARIAN!$X$7:$X$31,$A59)) | Z59: =IF($A59>$C$3,"",LARGE(DEBIT_15HARIAN!$Y$7:$Y$31,$A59))

Sheet ANDALAN_HARIAN
A1: DEBIT ANDALAN DARI DEBIT HARIAN (KURVA DURASI ALIRAN) - Outlet
A2: Peluang terlampaui Weibull P = m/(n+1) atas debit harian; Q-P diinterpolasi linier antar peringkat.
A4: Debit andalan | B4: Peluang P | C4: Januari | D4: Februari | E4: Maret | F4: April | G4: Mei | H4: Juni | I4: Juli | J4: Agustus | K4: September | L4: Oktober | M4: November | N4: Desember | O4: Semua hari
A5: Jumlah hari (n) | C5: =COUNT(HARIAN_PER_BULAN!A$5:A$779) | D5: =COUNT(HARIAN_PER_BULAN!B$5:B$779) | E5: =COUNT(HARIAN_PER_BULAN!C$5:C$779) | F5: =COUNT(HARIAN_PER_BULAN!D$5:D$779) | G5: =COUNT(HARIAN_PER_BULAN!E$5:E$779) | H5: =COUNT(HARIAN_PER_BULAN!F$5:F$779) | I5: =COUNT(HARIAN_PER_BULAN!G$5:G$779) | J5: =COUNT(HARIAN_PER_BULAN!H$5:H$779) | ... N5: =COUNT(HARIAN_PER_BULAN!L$5:L$779) | O5: =COUNT(DEBIT_HARIAN!$F$6:$F$9136)
A6: Q50 (m³/s) | B6: 0.5 | C6: =IF(C$5<1,"",IF(INT($B6*(C$5+1))<1,LARGE(HARIAN_PER_BULAN!$A$5:$A$779,1),IF(INT($B6*(C$5+1))>=C$5,LARGE(HARIAN_PER_BULAN!$A$5:$A$779,C$5),LARGE(HARIAN_PER_BULAN!$A$5:$A$779,INT($B6*(C$5+1)))+($B6*(C$5+1)-INT($B6*(C$5+1)))*(LARGE(HARIAN_PER_BULAN!$A$5:$A$779,INT($B6*(C$5+1))+1)-LARGE(HARIAN_PER_BULAN!$A$5:$A$779,INT($B6*(C$5+1))))))) | D6: =IF(D$5<1,"",IF(INT($B6*(D$5+1))<1,LARGE(HARIAN_PER_BULAN!$B$5:$B$779,1),IF(INT($B6*(D$5+1))>=D$5,LARGE(HARIAN_PER_BULAN!$B$5:$B$779,D$5),LARGE(HARIAN_PER_BULAN!$B$5:$B$779,INT($B6*(D$5+1)))+($B6*(D$5+1)-INT($B6*(D$5+1)))*(LARGE(HARIAN_PER_BULAN!$B$5:$B$779,INT($B6*(D$5+1))+1)-LARGE(HARIAN_PER_BULAN!$B$5:$B$779,INT($B6*(D$5+1))))))) | E6: =IF(E$5<1,"",IF(INT($B6*(E$5+1))<1,LARGE(HARIAN_PER_BULAN!$C$5:$C$779,1),IF(INT($B6*(E$5+1))>=E$5,LARGE(HARIAN_PER_BULAN!$C$5:$C$779,E$5),LARGE(HARIAN_PER_BULAN!$C$5:$C$779,INT($B6*(E$5+1)))+($B6*(E$5+1)-INT($B6*(E$5+1)))*(LARGE(HARIAN_PER_BULAN!$C$5:$C$779,INT($B6*(E$5+1))+1)-LARGE(HARIAN_PER_BULAN!$C$5:$C$779,INT($B6*(E$5+1))))))) | F6: =IF(F$5<1,"",IF(INT($B6*(F$5+1))<1,LARGE(HARIAN_PER_BULAN!$D$5:$D$779,1),IF(INT($B6*(F$5+1))>=F$5,LARGE(HARIAN_PER_BULAN!$D$5:$D$779,F$5),LARGE(HARIAN_PER_BULAN!$D$5:$D$779,INT($B6*(F$5+1)))+($B6*(F$5+1)-INT($B6*(F$5+1)))*(LARGE(HARIAN_PER_BULAN!$D$5:$D$779,INT($B6*(F$5+1))+1)-LARGE(HARIAN_PER_BULAN!$D$5:$D$779,INT($B6*(F$5+1))))))) | G6: =IF(G$5<1,"",IF(INT($B6*(G$5+1))<1,LARGE(HARIAN_PER_BULAN!$E$5:$E$779,1),IF(INT($B6*(G$5+1))>=G$5,LARGE(HARIAN_PER_BULAN!$E$5:$E$779,G$5),LARGE(HARIAN_PER_BULAN!$E$5:$E$779,INT($B6*(G$5+1)))+($B6*(G$5+1)-INT($B6*(G$5+1)))*(LARGE(HARIAN_PER_BULAN!$E$5:$E$779,INT($B6*(G$5+1))+1)-LARGE(HARIAN_PER_BULAN!$E$5:$E$779,INT($B6*(G$5+1))))))) | H6: =IF(H$5<1,"",IF(INT($B6*(H$5+1))<1,LARGE(HARIAN_PER_BULAN!$F$5:$F$779,1),IF(INT($B6*(H$5+1))>=H$5,LARGE(HARIAN_PER_BULAN!$F$5:$F$779,H$5),LARGE(HARIAN_PER_BULAN!$F$5:$F$779,INT($B6*(H$5+1)))+($B6*(H$5+1)-INT($B6*(H$5+1)))*(LARGE(HARIAN_PER_BULAN!$F$5:$F$779,INT($B6*(H$5+1))+1)-LARGE(HARIAN_PER_BULAN!$F$5:$F$779,INT($B6*(H$5+1))))))) | I6: =IF(I$5<1,"",IF(INT($B6*(I$5+1))<1,LARGE(HARIAN_PER_BULAN!$G$5:$G$779,1),IF(INT($B6*(I$5+1))>=I$5,LARGE(HARIAN_PER_BULAN!$G$5:$G$779,I$5),LARGE(HARIAN_PER_BULAN!$G$5:$G$779,INT($B6*(I$5+1)))+($B6*(I$5+1)-INT($B6*(I$5+1)))*(LARGE(HARIAN_PER_BULAN!$G$5:$G$779,INT($B6*(I$5+1))+1)-LARGE(HARIAN_PER_BULAN!$G$5:$G$779,INT($B6*(I$5+1))))))) | J6: =IF(J$5<1,"",IF(INT($B6*(J$5+1))<1,LARGE(HARIAN_PER_BULAN!$H$5:$H$779,1),IF(INT($B6*(J$5+1))>=J$5,LARGE(HARIAN_PER_BULAN!$H$5:$H$779,J$5),LARGE(HARIAN_PER_BULAN!$H$5:$H$779,INT($B6*(J$5+1)))+($B6*(J$5+1)-INT($B6*(J$5+1)))*(LARGE(HARIAN_PER_BULAN!$H$5:$H$779,INT($B6*(J$5+1))+1)-LARGE(HARIAN_PER_BULAN!$H$5:$H$779,INT($B6*(J$5+1))))))) | K6: =IF(K$5<1,"",IF(INT($B6*(K$5+1))<1,LARGE(HARIAN_PER_BULAN!$I$5:$I$779,1),IF(INT($B6*(K$5+1))>=K$5,LARGE(HARIAN_PER_BULAN!$I$5:$I$779,K$5),LARGE(HARIAN_PER_BULAN!$I$5:$I$779,INT($B6*(K$5+1)))+($B6*(K$5+1)-INT($B6*(K$5+1)))*(LARGE(HARIAN_PER_BULAN!$I$5:$I$779,INT($B6*(K$5+1))+1)-LARGE(HARIAN_PER_BULAN!$I$5:$I$779,INT($B6*(K$5+1))))))) | L6: =IF(L$5<1,"",IF(INT($B6*(L$5+1))<1,LARGE(HARIAN_PER_BULAN!$J$5:$J$779,1),IF(INT($B6*(L$5+1))>=L$5,LARGE(HARIAN_PER_BULAN!$J$5:$J$779,L$5),LARGE(HARIAN_PER_BULAN!$J$5:$J$779,INT($B6*(L$5+1)))+($B6*(L$5+1)-INT($B6*(L$5+1)))*(LARGE(HARIAN_PER_BULAN!$J$5:$J$779,INT($B6*(L$5+1))+1)-LARGE(HARIAN_PER_BULAN!$J$5:$J$779,INT($B6*(L$5+1))))))) | M6: =IF(M$5<1,"",IF(INT($B6*(M$5+1))<1,LARGE(HARIAN_PER_BULAN!$K$5:$K$779,1),IF(INT($B6*(M$5+1))>=M$5,LARGE(HARIAN_PER_BULAN!$K$5:$K$779,M$5),LARGE(HARIAN_PER_BULAN!$K$5:$K$779,INT($B6*(M$5+1)))+($B6*(M$5+1)-INT($B6*(M$5+1)))*(LARGE(HARIAN_PER_BULAN!$K$5:$K$779,INT($B6*(M$5+1))+1)-LARGE(HARIAN_PER_BULAN!$K$5:$K$779,INT($B6*(M$5+1))))))) | N6: =IF(N$5<1,"",IF(INT($B6*(N$5+1))<1,LARGE(HARIAN_PER_BULAN!$L$5:$L$779,1),IF(INT($B6*(N$5+1))>=N$5,LARGE(HARIAN_PER_BULAN!$L$5:$L$779,N$5),LARGE(HARIAN_PER_BULAN!$L$5:$L$779,INT($B6*(N$5+1)))+($B6*(N$5+1)-INT($B6*(N$5+1)))*(LARGE(HARIAN_PER_BULAN!$L$5:$L$779,INT($B6*(N$5+1))+1)-LARGE(HARIAN_PER_BULAN!$L$5:$L$779,INT($B6*(N$5+1))))))) | O6: =IF($O$5<1,"",IF(INT($B6*($O$5+1))<1,LARGE(DEBIT_HARIAN!$F$6:$F$9136,1),IF(INT($B6*($O$5+1))>=$O$5,LARGE(DEBIT_HARIAN!$F$6:$F$9136,$O$5),LARGE(DEBIT_HARIAN!$F$6:$F$9136,INT($B6*($O$5+1)))+($B6*($O$5+1)-INT($B6*($O$5+1)))*(LARGE(DEBIT_HARIAN!$F$6:$F$9136,INT($B6*($O$5+1))+1)-LARGE(DEBIT_HARIAN!$F$6:$F$9136,INT($B6*($O$5+1)))))))
A7: Q80 (m³/s) | B7: 0.8 | C7: =IF(C$5<1,"",IF(INT($B7*(C$5+1))<1,LARGE(HARIAN_PER_BULAN!$A$5:$A$779,1),IF(INT($B7*(C$5+1))>=C$5,LARGE(HARIAN_PER_BULAN!$A$5:$A$779,C$5),LARGE(HARIAN_PER_BULAN!$A$5:$A$779,INT($B7*(C$5+1)))+($B7*(C$5+1)-INT($B7*(C$5+1)))*(LARGE(HARIAN_PER_BULAN!$A$5:$A$779,INT($B7*(C$5+1))+1)-LARGE(HARIAN_PER_BULAN!$A$5:$A$779,INT($B7*(C$5+1))))))) | D7: =IF(D$5<1,"",IF(INT($B7*(D$5+1))<1,LARGE(HARIAN_PER_BULAN!$B$5:$B$779,1),IF(INT($B7*(D$5+1))>=D$5,LARGE(HARIAN_PER_BULAN!$B$5:$B$779,D$5),LARGE(HARIAN_PER_BULAN!$B$5:$B$779,INT($B7*(D$5+1)))+($B7*(D$5+1)-INT($B7*(D$5+1)))*(LARGE(HARIAN_PER_BULAN!$B$5:$B$779,INT($B7*(D$5+1))+1)-LARGE(HARIAN_PER_BULAN!$B$5:$B$779,INT($B7*(D$5+1))))))) | E7: =IF(E$5<1,"",IF(INT($B7*(E$5+1))<1,LARGE(HARIAN_PER_BULAN!$C$5:$C$779,1),IF(INT($B7*(E$5+1))>=E$5,LARGE(HARIAN_PER_BULAN!$C$5:$C$779,E$5),LARGE(HARIAN_PER_BULAN!$C$5:$C$779,INT($B7*(E$5+1)))+($B7*(E$5+1)-INT($B7*(E$5+1)))*(LARGE(HARIAN_PER_BULAN!$C$5:$C$779,INT($B7*(E$5+1))+1)-LARGE(HARIAN_PER_BULAN!$C$5:$C$779,INT($B7*(E$5+1))))))) | F7: =IF(F$5<1,"",IF(INT($B7*(F$5+1))<1,LARGE(HARIAN_PER_BULAN!$D$5:$D$779,1),IF(INT($B7*(F$5+1))>=F$5,LARGE(HARIAN_PER_BULAN!$D$5:$D$779,F$5),LARGE(HARIAN_PER_BULAN!$D$5:$D$779,INT($B7*(F$5+1)))+($B7*(F$5+1)-INT($B7*(F$5+1)))*(LARGE(HARIAN_PER_BULAN!$D$5:$D$779,INT($B7*(F$5+1))+1)-LARGE(HARIAN_PER_BULAN!$D$5:$D$779,INT($B7*(F$5+1))))))) | G7: =IF(G$5<1,"",IF(INT($B7*(G$5+1))<1,LARGE(HARIAN_PER_BULAN!$E$5:$E$779,1),IF(INT($B7*(G$5+1))>=G$5,LARGE(HARIAN_PER_BULAN!$E$5:$E$779,G$5),LARGE(HARIAN_PER_BULAN!$E$5:$E$779,INT($B7*(G$5+1)))+($B7*(G$5+1)-INT($B7*(G$5+1)))*(LARGE(HARIAN_PER_BULAN!$E$5:$E$779,INT($B7*(G$5+1))+1)-LARGE(HARIAN_PER_BULAN!$E$5:$E$779,INT($B7*(G$5+1))))))) | H7: =IF(H$5<1,"",IF(INT($B7*(H$5+1))<1,LARGE(HARIAN_PER_BULAN!$F$5:$F$779,1),IF(INT($B7*(H$5+1))>=H$5,LARGE(HARIAN_PER_BULAN!$F$5:$F$779,H$5),LARGE(HARIAN_PER_BULAN!$F$5:$F$779,INT($B7*(H$5+1)))+($B7*(H$5+1)-INT($B7*(H$5+1)))*(LARGE(HARIAN_PER_BULAN!$F$5:$F$779,INT($B7*(H$5+1))+1)-LARGE(HARIAN_PER_BULAN!$F$5:$F$779,INT($B7*(H$5+1))))))) | I7: =IF(I$5<1,"",IF(INT($B7*(I$5+1))<1,LARGE(HARIAN_PER_BULAN!$G$5:$G$779,1),IF(INT($B7*(I$5+1))>=I$5,LARGE(HARIAN_PER_BULAN!$G$5:$G$779,I$5),LARGE(HARIAN_PER_BULAN!$G$5:$G$779,INT($B7*(I$5+1)))+($B7*(I$5+1)-INT($B7*(I$5+1)))*(LARGE(HARIAN_PER_BULAN!$G$5:$G$779,INT($B7*(I$5+1))+1)-LARGE(HARIAN_PER_BULAN!$G$5:$G$779,INT($B7*(I$5+1))))))) | J7: =IF(J$5<1,"",IF(INT($B7*(J$5+1))<1,LARGE(HARIAN_PER_BULAN!$H$5:$H$779,1),IF(INT($B7*(J$5+1))>=J$5,LARGE(HARIAN_PER_BULAN!$H$5:$H$779,J$5),LARGE(HARIAN_PER_BULAN!$H$5:$H$779,INT($B7*(J$5+1)))+($B7*(J$5+1)-INT($B7*(J$5+1)))*(LARGE(HARIAN_PER_BULAN!$H$5:$H$779,INT($B7*(J$5+1))+1)-LARGE(HARIAN_PER_BULAN!$H$5:$H$779,INT($B7*(J$5+1))))))) | K7: =IF(K$5<1,"",IF(INT($B7*(K$5+1))<1,LARGE(HARIAN_PER_BULAN!$I$5:$I$779,1),IF(INT($B7*(K$5+1))>=K$5,LARGE(HARIAN_PER_BULAN!$I$5:$I$779,K$5),LARGE(HARIAN_PER_BULAN!$I$5:$I$779,INT($B7*(K$5+1)))+($B7*(K$5+1)-INT($B7*(K$5+1)))*(LARGE(HARIAN_PER_BULAN!$I$5:$I$779,INT($B7*(K$5+1))+1)-LARGE(HARIAN_PER_BULAN!$I$5:$I$779,INT($B7*(K$5+1))))))) | L7: =IF(L$5<1,"",IF(INT($B7*(L$5+1))<1,LARGE(HARIAN_PER_BULAN!$J$5:$J$779,1),IF(INT($B7*(L$5+1))>=L$5,LARGE(HARIAN_PER_BULAN!$J$5:$J$779,L$5),LARGE(HARIAN_PER_BULAN!$J$5:$J$779,INT($B7*(L$5+1)))+($B7*(L$5+1)-INT($B7*(L$5+1)))*(LARGE(HARIAN_PER_BULAN!$J$5:$J$779,INT($B7*(L$5+1))+1)-LARGE(HARIAN_PER_BULAN!$J$5:$J$779,INT($B7*(L$5+1))))))) | M7: =IF(M$5<1,"",IF(INT($B7*(M$5+1))<1,LARGE(HARIAN_PER_BULAN!$K$5:$K$779,1),IF(INT($B7*(M$5+1))>=M$5,LARGE(HARIAN_PER_BULAN!$K$5:$K$779,M$5),LARGE(HARIAN_PER_BULAN!$K$5:$K$779,INT($B7*(M$5+1)))+($B7*(M$5+1)-INT($B7*(M$5+1)))*(LARGE(HARIAN_PER_BULAN!$K$5:$K$779,INT($B7*(M$5+1))+1)-LARGE(HARIAN_PER_BULAN!$K$5:$K$779,INT($B7*(M$5+1))))))) | N7: =IF(N$5<1,"",IF(INT($B7*(N$5+1))<1,LARGE(HARIAN_PER_BULAN!$L$5:$L$779,1),IF(INT($B7*(N$5+1))>=N$5,LARGE(HARIAN_PER_BULAN!$L$5:$L$779,N$5),LARGE(HARIAN_PER_BULAN!$L$5:$L$779,INT($B7*(N$5+1)))+($B7*(N$5+1)-INT($B7*(N$5+1)))*(LARGE(HARIAN_PER_BULAN!$L$5:$L$779,INT($B7*(N$5+1))+1)-LARGE(HARIAN_PER_BULAN!$L$5:$L$779,INT($B7*(N$5+1))))))) | O7: =IF($O$5<1,"",IF(INT($B7*($O$5+1))<1,LARGE(DEBIT_HARIAN!$F$6:$F$9136,1),IF(INT($B7*($O$5+1))>=$O$5,LARGE(DEBIT_HARIAN!$F$6:$F$9136,$O$5),LARGE(DEBIT_HARIAN!$F$6:$F$9136,INT($B7*($O$5+1)))+($B7*($O$5+1)-INT($B7*($O$5+1)))*(LARGE(DEBIT_HARIAN!$F$6:$F$9136,INT($B7*($O$5+1))+1)-LARGE(DEBIT_HARIAN!$F$6:$F$9136,INT($B7*($O$5+1)))))))
A8: Q90 (m³/s) | B8: 0.9 | C8: =IF(C$5<1,"",IF(INT($B8*(C$5+1))<1,LARGE(HARIAN_PER_BULAN!$A$5:$A$779,1),IF(INT($B8*(C$5+1))>=C$5,LARGE(HARIAN_PER_BULAN!$A$5:$A$779,C$5),LARGE(HARIAN_PER_BULAN!$A$5:$A$779,INT($B8*(C$5+1)))+($B8*(C$5+1)-INT($B8*(C$5+1)))*(LARGE(HARIAN_PER_BULAN!$A$5:$A$779,INT($B8*(C$5+1))+1)-LARGE(HARIAN_PER_BULAN!$A$5:$A$779,INT($B8*(C$5+1))))))) | D8: =IF(D$5<1,"",IF(INT($B8*(D$5+1))<1,LARGE(HARIAN_PER_BULAN!$B$5:$B$779,1),IF(INT($B8*(D$5+1))>=D$5,LARGE(HARIAN_PER_BULAN!$B$5:$B$779,D$5),LARGE(HARIAN_PER_BULAN!$B$5:$B$779,INT($B8*(D$5+1)))+($B8*(D$5+1)-INT($B8*(D$5+1)))*(LARGE(HARIAN_PER_BULAN!$B$5:$B$779,INT($B8*(D$5+1))+1)-LARGE(HARIAN_PER_BULAN!$B$5:$B$779,INT($B8*(D$5+1))))))) | E8: =IF(E$5<1,"",IF(INT($B8*(E$5+1))<1,LARGE(HARIAN_PER_BULAN!$C$5:$C$779,1),IF(INT($B8*(E$5+1))>=E$5,LARGE(HARIAN_PER_BULAN!$C$5:$C$779,E$5),LARGE(HARIAN_PER_BULAN!$C$5:$C$779,INT($B8*(E$5+1)))+($B8*(E$5+1)-INT($B8*(E$5+1)))*(LARGE(HARIAN_PER_BULAN!$C$5:$C$779,INT($B8*(E$5+1))+1)-LARGE(HARIAN_PER_BULAN!$C$5:$C$779,INT($B8*(E$5+1))))))) | F8: =IF(F$5<1,"",IF(INT($B8*(F$5+1))<1,LARGE(HARIAN_PER_BULAN!$D$5:$D$779,1),IF(INT($B8*(F$5+1))>=F$5,LARGE(HARIAN_PER_BULAN!$D$5:$D$779,F$5),LARGE(HARIAN_PER_BULAN!$D$5:$D$779,INT($B8*(F$5+1)))+($B8*(F$5+1)-INT($B8*(F$5+1)))*(LARGE(HARIAN_PER_BULAN!$D$5:$D$779,INT($B8*(F$5+1))+1)-LARGE(HARIAN_PER_BULAN!$D$5:$D$779,INT($B8*(F$5+1))))))) | G8: =IF(G$5<1,"",IF(INT($B8*(G$5+1))<1,LARGE(HARIAN_PER_BULAN!$E$5:$E$779,1),IF(INT($B8*(G$5+1))>=G$5,LARGE(HARIAN_PER_BULAN!$E$5:$E$779,G$5),LARGE(HARIAN_PER_BULAN!$E$5:$E$779,INT($B8*(G$5+1)))+($B8*(G$5+1)-INT($B8*(G$5+1)))*(LARGE(HARIAN_PER_BULAN!$E$5:$E$779,INT($B8*(G$5+1))+1)-LARGE(HARIAN_PER_BULAN!$E$5:$E$779,INT($B8*(G$5+1))))))) | H8: =IF(H$5<1,"",IF(INT($B8*(H$5+1))<1,LARGE(HARIAN_PER_BULAN!$F$5:$F$779,1),IF(INT($B8*(H$5+1))>=H$5,LARGE(HARIAN_PER_BULAN!$F$5:$F$779,H$5),LARGE(HARIAN_PER_BULAN!$F$5:$F$779,INT($B8*(H$5+1)))+($B8*(H$5+1)-INT($B8*(H$5+1)))*(LARGE(HARIAN_PER_BULAN!$F$5:$F$779,INT($B8*(H$5+1))+1)-LARGE(HARIAN_PER_BULAN!$F$5:$F$779,INT($B8*(H$5+1))))))) | I8: =IF(I$5<1,"",IF(INT($B8*(I$5+1))<1,LARGE(HARIAN_PER_BULAN!$G$5:$G$779,1),IF(INT($B8*(I$5+1))>=I$5,LARGE(HARIAN_PER_BULAN!$G$5:$G$779,I$5),LARGE(HARIAN_PER_BULAN!$G$5:$G$779,INT($B8*(I$5+1)))+($B8*(I$5+1)-INT($B8*(I$5+1)))*(LARGE(HARIAN_PER_BULAN!$G$5:$G$779,INT($B8*(I$5+1))+1)-LARGE(HARIAN_PER_BULAN!$G$5:$G$779,INT($B8*(I$5+1))))))) | J8: =IF(J$5<1,"",IF(INT($B8*(J$5+1))<1,LARGE(HARIAN_PER_BULAN!$H$5:$H$779,1),IF(INT($B8*(J$5+1))>=J$5,LARGE(HARIAN_PER_BULAN!$H$5:$H$779,J$5),LARGE(HARIAN_PER_BULAN!$H$5:$H$779,INT($B8*(J$5+1)))+($B8*(J$5+1)-INT($B8*(J$5+1)))*(LARGE(HARIAN_PER_BULAN!$H$5:$H$779,INT($B8*(J$5+1))+1)-LARGE(HARIAN_PER_BULAN!$H$5:$H$779,INT($B8*(J$5+1))))))) | K8: =IF(K$5<1,"",IF(INT($B8*(K$5+1))<1,LARGE(HARIAN_PER_BULAN!$I$5:$I$779,1),IF(INT($B8*(K$5+1))>=K$5,LARGE(HARIAN_PER_BULAN!$I$5:$I$779,K$5),LARGE(HARIAN_PER_BULAN!$I$5:$I$779,INT($B8*(K$5+1)))+($B8*(K$5+1)-INT($B8*(K$5+1)))*(LARGE(HARIAN_PER_BULAN!$I$5:$I$779,INT($B8*(K$5+1))+1)-LARGE(HARIAN_PER_BULAN!$I$5:$I$779,INT($B8*(K$5+1))))))) | L8: =IF(L$5<1,"",IF(INT($B8*(L$5+1))<1,LARGE(HARIAN_PER_BULAN!$J$5:$J$779,1),IF(INT($B8*(L$5+1))>=L$5,LARGE(HARIAN_PER_BULAN!$J$5:$J$779,L$5),LARGE(HARIAN_PER_BULAN!$J$5:$J$779,INT($B8*(L$5+1)))+($B8*(L$5+1)-INT($B8*(L$5+1)))*(LARGE(HARIAN_PER_BULAN!$J$5:$J$779,INT($B8*(L$5+1))+1)-LARGE(HARIAN_PER_BULAN!$J$5:$J$779,INT($B8*(L$5+1))))))) | M8: =IF(M$5<1,"",IF(INT($B8*(M$5+1))<1,LARGE(HARIAN_PER_BULAN!$K$5:$K$779,1),IF(INT($B8*(M$5+1))>=M$5,LARGE(HARIAN_PER_BULAN!$K$5:$K$779,M$5),LARGE(HARIAN_PER_BULAN!$K$5:$K$779,INT($B8*(M$5+1)))+($B8*(M$5+1)-INT($B8*(M$5+1)))*(LARGE(HARIAN_PER_BULAN!$K$5:$K$779,INT($B8*(M$5+1))+1)-LARGE(HARIAN_PER_BULAN!$K$5:$K$779,INT($B8*(M$5+1))))))) | N8: =IF(N$5<1,"",IF(INT($B8*(N$5+1))<1,LARGE(HARIAN_PER_BULAN!$L$5:$L$779,1),IF(INT($B8*(N$5+1))>=N$5,LARGE(HARIAN_PER_BULAN!$L$5:$L$779,N$5),LARGE(HARIAN_PER_BULAN!$L$5:$L$779,INT($B8*(N$5+1)))+($B8*(N$5+1)-INT($B8*(N$5+1)))*(LARGE(HARIAN_PER_BULAN!$L$5:$L$779,INT($B8*(N$5+1))+1)-LARGE(HARIAN_PER_BULAN!$L$5:$L$779,INT($B8*(N$5+1))))))) | O8: =IF($O$5<1,"",IF(INT($B8*($O$5+1))<1,LARGE(DEBIT_HARIAN!$F$6:$F$9136,1),IF(INT($B8*($O$5+1))>=$O$5,LARGE(DEBIT_HARIAN!$F$6:$F$9136,$O$5),LARGE(DEBIT_HARIAN!$F$6:$F$9136,INT($B8*($O$5+1)))+($B8*($O$5+1)-INT($B8*($O$5+1)))*(LARGE(DEBIT_HARIAN!$F$6:$F$9136,INT($B8*($O$5+1))+1)-LARGE(DEBIT_HARIAN!$F$6:$F$9136,INT($B8*($O$5+1)))))))
A9: Q95 (m³/s) | B9: 0.95 | C9: =IF(C$5<1,"",IF(INT($B9*(C$5+1))<1,LARGE(HARIAN_PER_BULAN!$A$5:$A$779,1),IF(INT($B9*(C$5+1))>=C$5,LARGE(HARIAN_PER_BULAN!$A$5:$A$779,C$5),LARGE(HARIAN_PER_BULAN!$A$5:$A$779,INT($B9*(C$5+1)))+($B9*(C$5+1)-INT($B9*(C$5+1)))*(LARGE(HARIAN_PER_BULAN!$A$5:$A$779,INT($B9*(C$5+1))+1)-LARGE(HARIAN_PER_BULAN!$A$5:$A$779,INT($B9*(C$5+1))))))) | D9: =IF(D$5<1,"",IF(INT($B9*(D$5+1))<1,LARGE(HARIAN_PER_BULAN!$B$5:$B$779,1),IF(INT($B9*(D$5+1))>=D$5,LARGE(HARIAN_PER_BULAN!$B$5:$B$779,D$5),LARGE(HARIAN_PER_BULAN!$B$5:$B$779,INT($B9*(D$5+1)))+($B9*(D$5+1)-INT($B9*(D$5+1)))*(LARGE(HARIAN_PER_BULAN!$B$5:$B$779,INT($B9*(D$5+1))+1)-LARGE(HARIAN_PER_BULAN!$B$5:$B$779,INT($B9*(D$5+1))))))) | E9: =IF(E$5<1,"",IF(INT($B9*(E$5+1))<1,LARGE(HARIAN_PER_BULAN!$C$5:$C$779,1),IF(INT($B9*(E$5+1))>=E$5,LARGE(HARIAN_PER_BULAN!$C$5:$C$779,E$5),LARGE(HARIAN_PER_BULAN!$C$5:$C$779,INT($B9*(E$5+1)))+($B9*(E$5+1)-INT($B9*(E$5+1)))*(LARGE(HARIAN_PER_BULAN!$C$5:$C$779,INT($B9*(E$5+1))+1)-LARGE(HARIAN_PER_BULAN!$C$5:$C$779,INT($B9*(E$5+1))))))) | F9: =IF(F$5<1,"",IF(INT($B9*(F$5+1))<1,LARGE(HARIAN_PER_BULAN!$D$5:$D$779,1),IF(INT($B9*(F$5+1))>=F$5,LARGE(HARIAN_PER_BULAN!$D$5:$D$779,F$5),LARGE(HARIAN_PER_BULAN!$D$5:$D$779,INT($B9*(F$5+1)))+($B9*(F$5+1)-INT($B9*(F$5+1)))*(LARGE(HARIAN_PER_BULAN!$D$5:$D$779,INT($B9*(F$5+1))+1)-LARGE(HARIAN_PER_BULAN!$D$5:$D$779,INT($B9*(F$5+1))))))) | G9: =IF(G$5<1,"",IF(INT($B9*(G$5+1))<1,LARGE(HARIAN_PER_BULAN!$E$5:$E$779,1),IF(INT($B9*(G$5+1))>=G$5,LARGE(HARIAN_PER_BULAN!$E$5:$E$779,G$5),LARGE(HARIAN_PER_BULAN!$E$5:$E$779,INT($B9*(G$5+1)))+($B9*(G$5+1)-INT($B9*(G$5+1)))*(LARGE(HARIAN_PER_BULAN!$E$5:$E$779,INT($B9*(G$5+1))+1)-LARGE(HARIAN_PER_BULAN!$E$5:$E$779,INT($B9*(G$5+1))))))) | H9: =IF(H$5<1,"",IF(INT($B9*(H$5+1))<1,LARGE(HARIAN_PER_BULAN!$F$5:$F$779,1),IF(INT($B9*(H$5+1))>=H$5,LARGE(HARIAN_PER_BULAN!$F$5:$F$779,H$5),LARGE(HARIAN_PER_BULAN!$F$5:$F$779,INT($B9*(H$5+1)))+($B9*(H$5+1)-INT($B9*(H$5+1)))*(LARGE(HARIAN_PER_BULAN!$F$5:$F$779,INT($B9*(H$5+1))+1)-LARGE(HARIAN_PER_BULAN!$F$5:$F$779,INT($B9*(H$5+1))))))) | I9: =IF(I$5<1,"",IF(INT($B9*(I$5+1))<1,LARGE(HARIAN_PER_BULAN!$G$5:$G$779,1),IF(INT($B9*(I$5+1))>=I$5,LARGE(HARIAN_PER_BULAN!$G$5:$G$779,I$5),LARGE(HARIAN_PER_BULAN!$G$5:$G$779,INT($B9*(I$5+1)))+($B9*(I$5+1)-INT($B9*(I$5+1)))*(LARGE(HARIAN_PER_BULAN!$G$5:$G$779,INT($B9*(I$5+1))+1)-LARGE(HARIAN_PER_BULAN!$G$5:$G$779,INT($B9*(I$5+1))))))) | J9: =IF(J$5<1,"",IF(INT($B9*(J$5+1))<1,LARGE(HARIAN_PER_BULAN!$H$5:$H$779,1),IF(INT($B9*(J$5+1))>=J$5,LARGE(HARIAN_PER_BULAN!$H$5:$H$779,J$5),LARGE(HARIAN_PER_BULAN!$H$5:$H$779,INT($B9*(J$5+1)))+($B9*(J$5+1)-INT($B9*(J$5+1)))*(LARGE(HARIAN_PER_BULAN!$H$5:$H$779,INT($B9*(J$5+1))+1)-LARGE(HARIAN_PER_BULAN!$H$5:$H$779,INT($B9*(J$5+1))))))) | K9: =IF(K$5<1,"",IF(INT($B9*(K$5+1))<1,LARGE(HARIAN_PER_BULAN!$I$5:$I$779,1),IF(INT($B9*(K$5+1))>=K$5,LARGE(HARIAN_PER_BULAN!$I$5:$I$779,K$5),LARGE(HARIAN_PER_BULAN!$I$5:$I$779,INT($B9*(K$5+1)))+($B9*(K$5+1)-INT($B9*(K$5+1)))*(LARGE(HARIAN_PER_BULAN!$I$5:$I$779,INT($B9*(K$5+1))+1)-LARGE(HARIAN_PER_BULAN!$I$5:$I$779,INT($B9*(K$5+1))))))) | L9: =IF(L$5<1,"",IF(INT($B9*(L$5+1))<1,LARGE(HARIAN_PER_BULAN!$J$5:$J$779,1),IF(INT($B9*(L$5+1))>=L$5,LARGE(HARIAN_PER_BULAN!$J$5:$J$779,L$5),LARGE(HARIAN_PER_BULAN!$J$5:$J$779,INT($B9*(L$5+1)))+($B9*(L$5+1)-INT($B9*(L$5+1)))*(LARGE(HARIAN_PER_BULAN!$J$5:$J$779,INT($B9*(L$5+1))+1)-LARGE(HARIAN_PER_BULAN!$J$5:$J$779,INT($B9*(L$5+1))))))) | M9: =IF(M$5<1,"",IF(INT($B9*(M$5+1))<1,LARGE(HARIAN_PER_BULAN!$K$5:$K$779,1),IF(INT($B9*(M$5+1))>=M$5,LARGE(HARIAN_PER_BULAN!$K$5:$K$779,M$5),LARGE(HARIAN_PER_BULAN!$K$5:$K$779,INT($B9*(M$5+1)))+($B9*(M$5+1)-INT($B9*(M$5+1)))*(LARGE(HARIAN_PER_BULAN!$K$5:$K$779,INT($B9*(M$5+1))+1)-LARGE(HARIAN_PER_BULAN!$K$5:$K$779,INT($B9*(M$5+1))))))) | N9: =IF(N$5<1,"",IF(INT($B9*(N$5+1))<1,LARGE(HARIAN_PER_BULAN!$L$5:$L$779,1),IF(INT($B9*(N$5+1))>=N$5,LARGE(HARIAN_PER_BULAN!$L$5:$L$779,N$5),LARGE(HARIAN_PER_BULAN!$L$5:$L$779,INT($B9*(N$5+1)))+($B9*(N$5+1)-INT($B9*(N$5+1)))*(LARGE(HARIAN_PER_BULAN!$L$5:$L$779,INT($B9*(N$5+1))+1)-LARGE(HARIAN_PER_BULAN!$L$5:$L$779,INT($B9*(N$5+1))))))) | O9: =IF($O$5<1,"",IF(INT($B9*($O$5+1))<1,LARGE(DEBIT_HARIAN!$F$6:$F$9136,1),IF(INT($B9*($O$5+1))>=$O$5,LARGE(DEBIT_HARIAN!$F$6:$F$9136,$O$5),LARGE(DEBIT_HARIAN!$F$6:$F$9136,INT($B9*($O$5+1)))+($B9*($O$5+1)-INT($B9*($O$5+1)))*(LARGE(DEBIT_HARIAN!$F$6:$F$9136,INT($B9*($O$5+1))+1)-LARGE(DEBIT_HARIAN!$F$6:$F$9136,INT($B9*($O$5+1)))))))
A10: Rata-rata (m³/s) | C10: =IFERROR(AVERAGE(HARIAN_PER_BULAN!A$5:A$779),"") | D10: =IFERROR(AVERAGE(HARIAN_PER_BULAN!B$5:B$779),"") | E10: =IFERROR(AVERAGE(HARIAN_PER_BULAN!C$5:C$779),"") | F10: =IFERROR(AVERAGE(HARIAN_PER_BULAN!D$5:D$779),"") | G10: =IFERROR(AVERAGE(HARIAN_PER_BULAN!E$5:E$779),"") | H10: =IFERROR(AVERAGE(HARIAN_PER_BULAN!F$5:F$779),"") | I10: =IFERROR(AVERAGE(HARIAN_PER_BULAN!G$5:G$779),"") | J10: =IFERROR(AVERAGE(HARIAN_PER_BULAN!H$5:H$779),"") | ... N10: =IFERROR(AVERAGE(HARIAN_PER_BULAN!L$5:L$779),"") | O10: =AVERAGE(DEBIT_HARIAN!$F$6:$F$9136)
A12: Kurva durasi aliran (semua debit harian)
A13: Peluang P | B13: Debit (m³/s)
A14: 0.01 | B14: =IF($O$5<1,"",IF(INT($A14*($O$5+1))<1,LARGE(DEBIT_HARIAN!$F$6:$F$9136,1),IF(INT($A14*($O$5+1))>=$O$5,LARGE(DEBIT_HARIAN!$F$6:$F$9136,$O$5),LARGE(DEBIT_HARIAN!$F$6:$F$9136,INT($A14*($O$5+1)))+($A14*($O$5+1)-INT($A14*($O$5+1)))*(LARGE(DEBIT_HARIAN!$F$6:$F$9136,INT($A14*($O$5+1))+1)-LARGE(DEBIT_HARIAN!$F$6:$F$9136,INT($A14*($O$5+1)))))))
A15: 0.02 | B15: =IF($O$5<1,"",IF(INT($A15*($O$5+1))<1,LARGE(DEBIT_HARIAN!$F$6:$F$9136,1),IF(INT($A15*($O$5+1))>=$O$5,LARGE(DEBIT_HARIAN!$F$6:$F$9136,$O$5),LARGE(DEBIT_HARIAN!$F$6:$F$9136,INT($A15*($O$5+1)))+($A15*($O$5+1)-INT($A15*($O$5+1)))*(LARGE(DEBIT_HARIAN!$F$6:$F$9136,INT($A15*($O$5+1))+1)-LARGE(DEBIT_HARIAN!$F$6:$F$9136,INT($A15*($O$5+1)))))))
A16: 0.05 | B16: =IF($O$5<1,"",IF(INT($A16*($O$5+1))<1,LARGE(DEBIT_HARIAN!$F$6:$F$9136,1),IF(INT($A16*($O$5+1))>=$O$5,LARGE(DEBIT_HARIAN!$F$6:$F$9136,$O$5),LARGE(DEBIT_HARIAN!$F$6:$F$9136,INT($A16*($O$5+1)))+($A16*($O$5+1)-INT($A16*($O$5+1)))*(LARGE(DEBIT_HARIAN!$F$6:$F$9136,INT($A16*($O$5+1))+1)-LARGE(DEBIT_HARIAN!$F$6:$F$9136,INT($A16*($O$5+1)))))))
A17: 0.1 | B17: =IF($O$5<1,"",IF(INT($A17*($O$5+1))<1,LARGE(DEBIT_HARIAN!$F$6:$F$9136,1),IF(INT($A17*($O$5+1))>=$O$5,LARGE(DEBIT_HARIAN!$F$6:$F$9136,$O$5),LARGE(DEBIT_HARIAN!$F$6:$F$9136,INT($A17*($O$5+1)))+($A17*($O$5+1)-INT($A17*($O$5+1)))*(LARGE(DEBIT_HARIAN!$F$6:$F$9136,INT($A17*($O$5+1))+1)-LARGE(DEBIT_HARIAN!$F$6:$F$9136,INT($A17*($O$5+1)))))))
A18: 0.15 | B18: =IF($O$5<1,"",IF(INT($A18*($O$5+1))<1,LARGE(DEBIT_HARIAN!$F$6:$F$9136,1),IF(INT($A18*($O$5+1))>=$O$5,LARGE(DEBIT_HARIAN!$F$6:$F$9136,$O$5),LARGE(DEBIT_HARIAN!$F$6:$F$9136,INT($A18*($O$5+1)))+($A18*($O$5+1)-INT($A18*($O$5+1)))*(LARGE(DEBIT_HARIAN!$F$6:$F$9136,INT($A18*($O$5+1))+1)-LARGE(DEBIT_HARIAN!$F$6:$F$9136,INT($A18*($O$5+1)))))))
A19: 0.2 | B19: =IF($O$5<1,"",IF(INT($A19*($O$5+1))<1,LARGE(DEBIT_HARIAN!$F$6:$F$9136,1),IF(INT($A19*($O$5+1))>=$O$5,LARGE(DEBIT_HARIAN!$F$6:$F$9136,$O$5),LARGE(DEBIT_HARIAN!$F$6:$F$9136,INT($A19*($O$5+1)))+($A19*($O$5+1)-INT($A19*($O$5+1)))*(LARGE(DEBIT_HARIAN!$F$6:$F$9136,INT($A19*($O$5+1))+1)-LARGE(DEBIT_HARIAN!$F$6:$F$9136,INT($A19*($O$5+1)))))))
A20: 0.25 | B20: =IF($O$5<1,"",IF(INT($A20*($O$5+1))<1,LARGE(DEBIT_HARIAN!$F$6:$F$9136,1),IF(INT($A20*($O$5+1))>=$O$5,LARGE(DEBIT_HARIAN!$F$6:$F$9136,$O$5),LARGE(DEBIT_HARIAN!$F$6:$F$9136,INT($A20*($O$5+1)))+($A20*($O$5+1)-INT($A20*($O$5+1)))*(LARGE(DEBIT_HARIAN!$F$6:$F$9136,INT($A20*($O$5+1))+1)-LARGE(DEBIT_HARIAN!$F$6:$F$9136,INT($A20*($O$5+1)))))))
A21: 0.3 | B21: =IF($O$5<1,"",IF(INT($A21*($O$5+1))<1,LARGE(DEBIT_HARIAN!$F$6:$F$9136,1),IF(INT($A21*($O$5+1))>=$O$5,LARGE(DEBIT_HARIAN!$F$6:$F$9136,$O$5),LARGE(DEBIT_HARIAN!$F$6:$F$9136,INT($A21*($O$5+1)))+($A21*($O$5+1)-INT($A21*($O$5+1)))*(LARGE(DEBIT_HARIAN!$F$6:$F$9136,INT($A21*($O$5+1))+1)-LARGE(DEBIT_HARIAN!$F$6:$F$9136,INT($A21*($O$5+1)))))))
A22: 0.35 | B22: =IF($O$5<1,"",IF(INT($A22*($O$5+1))<1,LARGE(DEBIT_HARIAN!$F$6:$F$9136,1),IF(INT($A22*($O$5+1))>=$O$5,LARGE(DEBIT_HARIAN!$F$6:$F$9136,$O$5),LARGE(DEBIT_HARIAN!$F$6:$F$9136,INT($A22*($O$5+1)))+($A22*($O$5+1)-INT($A22*($O$5+1)))*(LARGE(DEBIT_HARIAN!$F$6:$F$9136,INT($A22*($O$5+1))+1)-LARGE(DEBIT_HARIAN!$F$6:$F$9136,INT($A22*($O$5+1)))))))
A23: 0.4 | B23: =IF($O$5<1,"",IF(INT($A23*($O$5+1))<1,LARGE(DEBIT_HARIAN!$F$6:$F$9136,1),IF(INT($A23*($O$5+1))>=$O$5,LARGE(DEBIT_HARIAN!$F$6:$F$9136,$O$5),LARGE(DEBIT_HARIAN!$F$6:$F$9136,INT($A23*($O$5+1)))+($A23*($O$5+1)-INT($A23*($O$5+1)))*(LARGE(DEBIT_HARIAN!$F$6:$F$9136,INT($A23*($O$5+1))+1)-LARGE(DEBIT_HARIAN!$F$6:$F$9136,INT($A23*($O$5+1)))))))
A24: 0.45 | B24: =IF($O$5<1,"",IF(INT($A24*($O$5+1))<1,LARGE(DEBIT_HARIAN!$F$6:$F$9136,1),IF(INT($A24*($O$5+1))>=$O$5,LARGE(DEBIT_HARIAN!$F$6:$F$9136,$O$5),LARGE(DEBIT_HARIAN!$F$6:$F$9136,INT($A24*($O$5+1)))+($A24*($O$5+1)-INT($A24*($O$5+1)))*(LARGE(DEBIT_HARIAN!$F$6:$F$9136,INT($A24*($O$5+1))+1)-LARGE(DEBIT_HARIAN!$F$6:$F$9136,INT($A24*($O$5+1)))))))
A25: 0.5 | B25: =IF($O$5<1,"",IF(INT($A25*($O$5+1))<1,LARGE(DEBIT_HARIAN!$F$6:$F$9136,1),IF(INT($A25*($O$5+1))>=$O$5,LARGE(DEBIT_HARIAN!$F$6:$F$9136,$O$5),LARGE(DEBIT_HARIAN!$F$6:$F$9136,INT($A25*($O$5+1)))+($A25*($O$5+1)-INT($A25*($O$5+1)))*(LARGE(DEBIT_HARIAN!$F$6:$F$9136,INT($A25*($O$5+1))+1)-LARGE(DEBIT_HARIAN!$F$6:$F$9136,INT($A25*($O$5+1)))))))
... A36: 0.99 | B36: =IF($O$5<1,"",IF(INT($A36*($O$5+1))<1,LARGE(DEBIT_HARIAN!$F$6:$F$9136,1),IF(INT($A36*($O$5+1))>=$O$5,LARGE(DEBIT_HARIAN!$F$6:$F$9136,$O$5),LARGE(DEBIT_HARIAN!$F$6:$F$9136,INT($A36*($O$5+1)))+($A36*($O$5+1)-INT($A36*($O$5+1)))*(LARGE(DEBIT_HARIAN!$F$6:$F$9136,INT($A36*($O$5+1))+1)-LARGE(DEBIT_HARIAN!$F$6:$F$9136,INT($A36*($O$5+1)))))))

Sheet DEBIT_BULANAN
A1: DEBIT RATA-RATA BULANAN - Outlet (m³/s)
A2: Rata-rata debit harian pada periode tersebut (m³/s). I = tanggal 1-15, II = tanggal 16 s/d akhir bulan. Baris 4-5: bulan dan kode setengah bulan yang dipakai rumus.
A4: Bulan | B4: 1 | C4: 2 | D4: 3 | E4: 4 | F4: 5 | G4: 6 | H4: 7 | I4: 8 | J4: 9 | K4: 10 | L4: 11 | M4: 12
A5: Setengah bulan
A6: Tahun | B6: Jan | C6: Feb | D6: Mar | E6: Apr | F6: Mei | G6: Jun | H6: Jul | I6: Agu | J6: Sep | K6: Okt | L6: Nov | M6: Des | N6: Rata-rata
A7: 2001 | B7: =IFERROR(AVERAGEIFS(DEBIT_HARIAN!$F$6:$F$9136,DEBIT_HARIAN!$B$6:$B$9136,$A7,DEBIT_HARIAN!$C$6:$C$9136,B$4),"") | C7: =IFERROR(AVERAGEIFS(DEBIT_HARIAN!$F$6:$F$9136,DEBIT_HARIAN!$B$6:$B$9136,$A7,DEBIT_HARIAN!$C$6:$C$9136,C$4),"") | D7: =IFERROR(AVERAGEIFS(DEBIT_HARIAN!$F$6:$F$9136,DEBIT_HARIAN!$B$6:$B$9136,$A7,DEBIT_HARIAN!$C$6:$C$9136,D$4),"") | E7: =IFERROR(AVERAGEIFS(DEBIT_HARIAN!$F$6:$F$9136,DEBIT_HARIAN!$B$6:$B$9136,$A7,DEBIT_HARIAN!$C$6:$C$9136,E$4),"") | F7: =IFERROR(AVERAGEIFS(DEBIT_HARIAN!$F$6:$F$9136,DEBIT_HARIAN!$B$6:$B$9136,$A7,DEBIT_HARIAN!$C$6:$C$9136,F$4),"") | G7: =IFERROR(AVERAGEIFS(DEBIT_HARIAN!$F$6:$F$9136,DEBIT_HARIAN!$B$6:$B$9136,$A7,DEBIT_HARIAN!$C$6:$C$9136,G$4),"") | H7: =IFERROR(AVERAGEIFS(DEBIT_HARIAN!$F$6:$F$9136,DEBIT_HARIAN!$B$6:$B$9136,$A7,DEBIT_HARIAN!$C$6:$C$9136,H$4),"") | I7: =IFERROR(AVERAGEIFS(DEBIT_HARIAN!$F$6:$F$9136,DEBIT_HARIAN!$B$6:$B$9136,$A7,DEBIT_HARIAN!$C$6:$C$9136,I$4),"") | ... M7: =IFERROR(AVERAGEIFS(DEBIT_HARIAN!$F$6:$F$9136,DEBIT_HARIAN!$B$6:$B$9136,$A7,DEBIT_HARIAN!$C$6:$C$9136,M$4),"") | N7: =IFERROR(AVERAGEIFS(DEBIT_HARIAN!$F$6:$F$9136,DEBIT_HARIAN!$B$6:$B$9136,$A7),"")
A8: 2002 | B8: =IFERROR(AVERAGEIFS(DEBIT_HARIAN!$F$6:$F$9136,DEBIT_HARIAN!$B$6:$B$9136,$A8,DEBIT_HARIAN!$C$6:$C$9136,B$4),"") | C8: =IFERROR(AVERAGEIFS(DEBIT_HARIAN!$F$6:$F$9136,DEBIT_HARIAN!$B$6:$B$9136,$A8,DEBIT_HARIAN!$C$6:$C$9136,C$4),"") | D8: =IFERROR(AVERAGEIFS(DEBIT_HARIAN!$F$6:$F$9136,DEBIT_HARIAN!$B$6:$B$9136,$A8,DEBIT_HARIAN!$C$6:$C$9136,D$4),"") | E8: =IFERROR(AVERAGEIFS(DEBIT_HARIAN!$F$6:$F$9136,DEBIT_HARIAN!$B$6:$B$9136,$A8,DEBIT_HARIAN!$C$6:$C$9136,E$4),"") | F8: =IFERROR(AVERAGEIFS(DEBIT_HARIAN!$F$6:$F$9136,DEBIT_HARIAN!$B$6:$B$9136,$A8,DEBIT_HARIAN!$C$6:$C$9136,F$4),"") | G8: =IFERROR(AVERAGEIFS(DEBIT_HARIAN!$F$6:$F$9136,DEBIT_HARIAN!$B$6:$B$9136,$A8,DEBIT_HARIAN!$C$6:$C$9136,G$4),"") | H8: =IFERROR(AVERAGEIFS(DEBIT_HARIAN!$F$6:$F$9136,DEBIT_HARIAN!$B$6:$B$9136,$A8,DEBIT_HARIAN!$C$6:$C$9136,H$4),"") | I8: =IFERROR(AVERAGEIFS(DEBIT_HARIAN!$F$6:$F$9136,DEBIT_HARIAN!$B$6:$B$9136,$A8,DEBIT_HARIAN!$C$6:$C$9136,I$4),"") | ... M8: =IFERROR(AVERAGEIFS(DEBIT_HARIAN!$F$6:$F$9136,DEBIT_HARIAN!$B$6:$B$9136,$A8,DEBIT_HARIAN!$C$6:$C$9136,M$4),"") | N8: =IFERROR(AVERAGEIFS(DEBIT_HARIAN!$F$6:$F$9136,DEBIT_HARIAN!$B$6:$B$9136,$A8),"")
A9: 2003 | B9: =IFERROR(AVERAGEIFS(DEBIT_HARIAN!$F$6:$F$9136,DEBIT_HARIAN!$B$6:$B$9136,$A9,DEBIT_HARIAN!$C$6:$C$9136,B$4),"") | C9: =IFERROR(AVERAGEIFS(DEBIT_HARIAN!$F$6:$F$9136,DEBIT_HARIAN!$B$6:$B$9136,$A9,DEBIT_HARIAN!$C$6:$C$9136,C$4),"") | D9: =IFERROR(AVERAGEIFS(DEBIT_HARIAN!$F$6:$F$9136,DEBIT_HARIAN!$B$6:$B$9136,$A9,DEBIT_HARIAN!$C$6:$C$9136,D$4),"") | E9: =IFERROR(AVERAGEIFS(DEBIT_HARIAN!$F$6:$F$9136,DEBIT_HARIAN!$B$6:$B$9136,$A9,DEBIT_HARIAN!$C$6:$C$9136,E$4),"") | F9: =IFERROR(AVERAGEIFS(DEBIT_HARIAN!$F$6:$F$9136,DEBIT_HARIAN!$B$6:$B$9136,$A9,DEBIT_HARIAN!$C$6:$C$9136,F$4),"") | G9: =IFERROR(AVERAGEIFS(DEBIT_HARIAN!$F$6:$F$9136,DEBIT_HARIAN!$B$6:$B$9136,$A9,DEBIT_HARIAN!$C$6:$C$9136,G$4),"") | H9: =IFERROR(AVERAGEIFS(DEBIT_HARIAN!$F$6:$F$9136,DEBIT_HARIAN!$B$6:$B$9136,$A9,DEBIT_HARIAN!$C$6:$C$9136,H$4),"") | I9: =IFERROR(AVERAGEIFS(DEBIT_HARIAN!$F$6:$F$9136,DEBIT_HARIAN!$B$6:$B$9136,$A9,DEBIT_HARIAN!$C$6:$C$9136,I$4),"") | ... M9: =IFERROR(AVERAGEIFS(DEBIT_HARIAN!$F$6:$F$9136,DEBIT_HARIAN!$B$6:$B$9136,$A9,DEBIT_HARIAN!$C$6:$C$9136,M$4),"") | N9: =IFERROR(AVERAGEIFS(DEBIT_HARIAN!$F$6:$F$9136,DEBIT_HARIAN!$B$6:$B$9136,$A9),"")
A10: 2004 | B10: =IFERROR(AVERAGEIFS(DEBIT_HARIAN!$F$6:$F$9136,DEBIT_HARIAN!$B$6:$B$9136,$A10,DEBIT_HARIAN!$C$6:$C$9136,B$4),"") | C10: =IFERROR(AVERAGEIFS(DEBIT_HARIAN!$F$6:$F$9136,DEBIT_HARIAN!$B$6:$B$9136,$A10,DEBIT_HARIAN!$C$6:$C$9136,C$4),"") | D10: =IFERROR(AVERAGEIFS(DEBIT_HARIAN!$F$6:$F$9136,DEBIT_HARIAN!$B$6:$B$9136,$A10,DEBIT_HARIAN!$C$6:$C$9136,D$4),"") | E10: =IFERROR(AVERAGEIFS(DEBIT_HARIAN!$F$6:$F$9136,DEBIT_HARIAN!$B$6:$B$9136,$A10,DEBIT_HARIAN!$C$6:$C$9136,E$4),"") | F10: =IFERROR(AVERAGEIFS(DEBIT_HARIAN!$F$6:$F$9136,DEBIT_HARIAN!$B$6:$B$9136,$A10,DEBIT_HARIAN!$C$6:$C$9136,F$4),"") | G10: =IFERROR(AVERAGEIFS(DEBIT_HARIAN!$F$6:$F$9136,DEBIT_HARIAN!$B$6:$B$9136,$A10,DEBIT_HARIAN!$C$6:$C$9136,G$4),"") | H10: =IFERROR(AVERAGEIFS(DEBIT_HARIAN!$F$6:$F$9136,DEBIT_HARIAN!$B$6:$B$9136,$A10,DEBIT_HARIAN!$C$6:$C$9136,H$4),"") | I10: =IFERROR(AVERAGEIFS(DEBIT_HARIAN!$F$6:$F$9136,DEBIT_HARIAN!$B$6:$B$9136,$A10,DEBIT_HARIAN!$C$6:$C$9136,I$4),"") | ... M10: =IFERROR(AVERAGEIFS(DEBIT_HARIAN!$F$6:$F$9136,DEBIT_HARIAN!$B$6:$B$9136,$A10,DEBIT_HARIAN!$C$6:$C$9136,M$4),"") | N10: =IFERROR(AVERAGEIFS(DEBIT_HARIAN!$F$6:$F$9136,DEBIT_HARIAN!$B$6:$B$9136,$A10),"")
A11: 2005 | B11: =IFERROR(AVERAGEIFS(DEBIT_HARIAN!$F$6:$F$9136,DEBIT_HARIAN!$B$6:$B$9136,$A11,DEBIT_HARIAN!$C$6:$C$9136,B$4),"") | C11: =IFERROR(AVERAGEIFS(DEBIT_HARIAN!$F$6:$F$9136,DEBIT_HARIAN!$B$6:$B$9136,$A11,DEBIT_HARIAN!$C$6:$C$9136,C$4),"") | D11: =IFERROR(AVERAGEIFS(DEBIT_HARIAN!$F$6:$F$9136,DEBIT_HARIAN!$B$6:$B$9136,$A11,DEBIT_HARIAN!$C$6:$C$9136,D$4),"") | E11: =IFERROR(AVERAGEIFS(DEBIT_HARIAN!$F$6:$F$9136,DEBIT_HARIAN!$B$6:$B$9136,$A11,DEBIT_HARIAN!$C$6:$C$9136,E$4),"") | F11: =IFERROR(AVERAGEIFS(DEBIT_HARIAN!$F$6:$F$9136,DEBIT_HARIAN!$B$6:$B$9136,$A11,DEBIT_HARIAN!$C$6:$C$9136,F$4),"") | G11: =IFERROR(AVERAGEIFS(DEBIT_HARIAN!$F$6:$F$9136,DEBIT_HARIAN!$B$6:$B$9136,$A11,DEBIT_HARIAN!$C$6:$C$9136,G$4),"") | H11: =IFERROR(AVERAGEIFS(DEBIT_HARIAN!$F$6:$F$9136,DEBIT_HARIAN!$B$6:$B$9136,$A11,DEBIT_HARIAN!$C$6:$C$9136,H$4),"") | I11: =IFERROR(AVERAGEIFS(DEBIT_HARIAN!$F$6:$F$9136,DEBIT_HARIAN!$B$6:$B$9136,$A11,DEBIT_HARIAN!$C$6:$C$9136,I$4),"") | ... M11: =IFERROR(AVERAGEIFS(DEBIT_HARIAN!$F$6:$F$9136,DEBIT_HARIAN!$B$6:$B$9136,$A11,DEBIT_HARIAN!$C$6:$C$9136,M$4),"") | N11: =IFERROR(AVERAGEIFS(DEBIT_HARIAN!$F$6:$F$9136,DEBIT_HARIAN!$B$6:$B$9136,$A11),"")
A12: 2006 | B12: =IFERROR(AVERAGEIFS(DEBIT_HARIAN!$F$6:$F$9136,DEBIT_HARIAN!$B$6:$B$9136,$A12,DEBIT_HARIAN!$C$6:$C$9136,B$4),"") | C12: =IFERROR(AVERAGEIFS(DEBIT_HARIAN!$F$6:$F$9136,DEBIT_HARIAN!$B$6:$B$9136,$A12,DEBIT_HARIAN!$C$6:$C$9136,C$4),"") | D12: =IFERROR(AVERAGEIFS(DEBIT_HARIAN!$F$6:$F$9136,DEBIT_HARIAN!$B$6:$B$9136,$A12,DEBIT_HARIAN!$C$6:$C$9136,D$4),"") | E12: =IFERROR(AVERAGEIFS(DEBIT_HARIAN!$F$6:$F$9136,DEBIT_HARIAN!$B$6:$B$9136,$A12,DEBIT_HARIAN!$C$6:$C$9136,E$4),"") | F12: =IFERROR(AVERAGEIFS(DEBIT_HARIAN!$F$6:$F$9136,DEBIT_HARIAN!$B$6:$B$9136,$A12,DEBIT_HARIAN!$C$6:$C$9136,F$4),"") | G12: =IFERROR(AVERAGEIFS(DEBIT_HARIAN!$F$6:$F$9136,DEBIT_HARIAN!$B$6:$B$9136,$A12,DEBIT_HARIAN!$C$6:$C$9136,G$4),"") | H12: =IFERROR(AVERAGEIFS(DEBIT_HARIAN!$F$6:$F$9136,DEBIT_HARIAN!$B$6:$B$9136,$A12,DEBIT_HARIAN!$C$6:$C$9136,H$4),"") | I12: =IFERROR(AVERAGEIFS(DEBIT_HARIAN!$F$6:$F$9136,DEBIT_HARIAN!$B$6:$B$9136,$A12,DEBIT_HARIAN!$C$6:$C$9136,I$4),"") | ... M12: =IFERROR(AVERAGEIFS(DEBIT_HARIAN!$F$6:$F$9136,DEBIT_HARIAN!$B$6:$B$9136,$A12,DEBIT_HARIAN!$C$6:$C$9136,M$4),"") | N12: =IFERROR(AVERAGEIFS(DEBIT_HARIAN!$F$6:$F$9136,DEBIT_HARIAN!$B$6:$B$9136,$A12),"")
A13: 2007 | B13: =IFERROR(AVERAGEIFS(DEBIT_HARIAN!$F$6:$F$9136,DEBIT_HARIAN!$B$6:$B$9136,$A13,DEBIT_HARIAN!$C$6:$C$9136,B$4),"") | C13: =IFERROR(AVERAGEIFS(DEBIT_HARIAN!$F$6:$F$9136,DEBIT_HARIAN!$B$6:$B$9136,$A13,DEBIT_HARIAN!$C$6:$C$9136,C$4),"") | D13: =IFERROR(AVERAGEIFS(DEBIT_HARIAN!$F$6:$F$9136,DEBIT_HARIAN!$B$6:$B$9136,$A13,DEBIT_HARIAN!$C$6:$C$9136,D$4),"") | E13: =IFERROR(AVERAGEIFS(DEBIT_HARIAN!$F$6:$F$9136,DEBIT_HARIAN!$B$6:$B$9136,$A13,DEBIT_HARIAN!$C$6:$C$9136,E$4),"") | F13: =IFERROR(AVERAGEIFS(DEBIT_HARIAN!$F$6:$F$9136,DEBIT_HARIAN!$B$6:$B$9136,$A13,DEBIT_HARIAN!$C$6:$C$9136,F$4),"") | G13: =IFERROR(AVERAGEIFS(DEBIT_HARIAN!$F$6:$F$9136,DEBIT_HARIAN!$B$6:$B$9136,$A13,DEBIT_HARIAN!$C$6:$C$9136,G$4),"") | H13: =IFERROR(AVERAGEIFS(DEBIT_HARIAN!$F$6:$F$9136,DEBIT_HARIAN!$B$6:$B$9136,$A13,DEBIT_HARIAN!$C$6:$C$9136,H$4),"") | I13: =IFERROR(AVERAGEIFS(DEBIT_HARIAN!$F$6:$F$9136,DEBIT_HARIAN!$B$6:$B$9136,$A13,DEBIT_HARIAN!$C$6:$C$9136,I$4),"") | ... M13: =IFERROR(AVERAGEIFS(DEBIT_HARIAN!$F$6:$F$9136,DEBIT_HARIAN!$B$6:$B$9136,$A13,DEBIT_HARIAN!$C$6:$C$9136,M$4),"") | N13: =IFERROR(AVERAGEIFS(DEBIT_HARIAN!$F$6:$F$9136,DEBIT_HARIAN!$B$6:$B$9136,$A13),"")
A14: 2008 | B14: =IFERROR(AVERAGEIFS(DEBIT_HARIAN!$F$6:$F$9136,DEBIT_HARIAN!$B$6:$B$9136,$A14,DEBIT_HARIAN!$C$6:$C$9136,B$4),"") | C14: =IFERROR(AVERAGEIFS(DEBIT_HARIAN!$F$6:$F$9136,DEBIT_HARIAN!$B$6:$B$9136,$A14,DEBIT_HARIAN!$C$6:$C$9136,C$4),"") | D14: =IFERROR(AVERAGEIFS(DEBIT_HARIAN!$F$6:$F$9136,DEBIT_HARIAN!$B$6:$B$9136,$A14,DEBIT_HARIAN!$C$6:$C$9136,D$4),"") | E14: =IFERROR(AVERAGEIFS(DEBIT_HARIAN!$F$6:$F$9136,DEBIT_HARIAN!$B$6:$B$9136,$A14,DEBIT_HARIAN!$C$6:$C$9136,E$4),"") | F14: =IFERROR(AVERAGEIFS(DEBIT_HARIAN!$F$6:$F$9136,DEBIT_HARIAN!$B$6:$B$9136,$A14,DEBIT_HARIAN!$C$6:$C$9136,F$4),"") | G14: =IFERROR(AVERAGEIFS(DEBIT_HARIAN!$F$6:$F$9136,DEBIT_HARIAN!$B$6:$B$9136,$A14,DEBIT_HARIAN!$C$6:$C$9136,G$4),"") | H14: =IFERROR(AVERAGEIFS(DEBIT_HARIAN!$F$6:$F$9136,DEBIT_HARIAN!$B$6:$B$9136,$A14,DEBIT_HARIAN!$C$6:$C$9136,H$4),"") | I14: =IFERROR(AVERAGEIFS(DEBIT_HARIAN!$F$6:$F$9136,DEBIT_HARIAN!$B$6:$B$9136,$A14,DEBIT_HARIAN!$C$6:$C$9136,I$4),"") | ... M14: =IFERROR(AVERAGEIFS(DEBIT_HARIAN!$F$6:$F$9136,DEBIT_HARIAN!$B$6:$B$9136,$A14,DEBIT_HARIAN!$C$6:$C$9136,M$4),"") | N14: =IFERROR(AVERAGEIFS(DEBIT_HARIAN!$F$6:$F$9136,DEBIT_HARIAN!$B$6:$B$9136,$A14),"")
A15: 2009 | B15: =IFERROR(AVERAGEIFS(DEBIT_HARIAN!$F$6:$F$9136,DEBIT_HARIAN!$B$6:$B$9136,$A15,DEBIT_HARIAN!$C$6:$C$9136,B$4),"") | C15: =IFERROR(AVERAGEIFS(DEBIT_HARIAN!$F$6:$F$9136,DEBIT_HARIAN!$B$6:$B$9136,$A15,DEBIT_HARIAN!$C$6:$C$9136,C$4),"") | D15: =IFERROR(AVERAGEIFS(DEBIT_HARIAN!$F$6:$F$9136,DEBIT_HARIAN!$B$6:$B$9136,$A15,DEBIT_HARIAN!$C$6:$C$9136,D$4),"") | E15: =IFERROR(AVERAGEIFS(DEBIT_HARIAN!$F$6:$F$9136,DEBIT_HARIAN!$B$6:$B$9136,$A15,DEBIT_HARIAN!$C$6:$C$9136,E$4),"") | F15: =IFERROR(AVERAGEIFS(DEBIT_HARIAN!$F$6:$F$9136,DEBIT_HARIAN!$B$6:$B$9136,$A15,DEBIT_HARIAN!$C$6:$C$9136,F$4),"") | G15: =IFERROR(AVERAGEIFS(DEBIT_HARIAN!$F$6:$F$9136,DEBIT_HARIAN!$B$6:$B$9136,$A15,DEBIT_HARIAN!$C$6:$C$9136,G$4),"") | H15: =IFERROR(AVERAGEIFS(DEBIT_HARIAN!$F$6:$F$9136,DEBIT_HARIAN!$B$6:$B$9136,$A15,DEBIT_HARIAN!$C$6:$C$9136,H$4),"") | I15: =IFERROR(AVERAGEIFS(DEBIT_HARIAN!$F$6:$F$9136,DEBIT_HARIAN!$B$6:$B$9136,$A15,DEBIT_HARIAN!$C$6:$C$9136,I$4),"") | ... M15: =IFERROR(AVERAGEIFS(DEBIT_HARIAN!$F$6:$F$9136,DEBIT_HARIAN!$B$6:$B$9136,$A15,DEBIT_HARIAN!$C$6:$C$9136,M$4),"") | N15: =IFERROR(AVERAGEIFS(DEBIT_HARIAN!$F$6:$F$9136,DEBIT_HARIAN!$B$6:$B$9136,$A15),"")
A16: 2010 | B16: =IFERROR(AVERAGEIFS(DEBIT_HARIAN!$F$6:$F$9136,DEBIT_HARIAN!$B$6:$B$9136,$A16,DEBIT_HARIAN!$C$6:$C$9136,B$4),"") | C16: =IFERROR(AVERAGEIFS(DEBIT_HARIAN!$F$6:$F$9136,DEBIT_HARIAN!$B$6:$B$9136,$A16,DEBIT_HARIAN!$C$6:$C$9136,C$4),"") | D16: =IFERROR(AVERAGEIFS(DEBIT_HARIAN!$F$6:$F$9136,DEBIT_HARIAN!$B$6:$B$9136,$A16,DEBIT_HARIAN!$C$6:$C$9136,D$4),"") | E16: =IFERROR(AVERAGEIFS(DEBIT_HARIAN!$F$6:$F$9136,DEBIT_HARIAN!$B$6:$B$9136,$A16,DEBIT_HARIAN!$C$6:$C$9136,E$4),"") | F16: =IFERROR(AVERAGEIFS(DEBIT_HARIAN!$F$6:$F$9136,DEBIT_HARIAN!$B$6:$B$9136,$A16,DEBIT_HARIAN!$C$6:$C$9136,F$4),"") | G16: =IFERROR(AVERAGEIFS(DEBIT_HARIAN!$F$6:$F$9136,DEBIT_HARIAN!$B$6:$B$9136,$A16,DEBIT_HARIAN!$C$6:$C$9136,G$4),"") | H16: =IFERROR(AVERAGEIFS(DEBIT_HARIAN!$F$6:$F$9136,DEBIT_HARIAN!$B$6:$B$9136,$A16,DEBIT_HARIAN!$C$6:$C$9136,H$4),"") | I16: =IFERROR(AVERAGEIFS(DEBIT_HARIAN!$F$6:$F$9136,DEBIT_HARIAN!$B$6:$B$9136,$A16,DEBIT_HARIAN!$C$6:$C$9136,I$4),"") | ... M16: =IFERROR(AVERAGEIFS(DEBIT_HARIAN!$F$6:$F$9136,DEBIT_HARIAN!$B$6:$B$9136,$A16,DEBIT_HARIAN!$C$6:$C$9136,M$4),"") | N16: =IFERROR(AVERAGEIFS(DEBIT_HARIAN!$F$6:$F$9136,DEBIT_HARIAN!$B$6:$B$9136,$A16),"")
A17: 2011 | B17: =IFERROR(AVERAGEIFS(DEBIT_HARIAN!$F$6:$F$9136,DEBIT_HARIAN!$B$6:$B$9136,$A17,DEBIT_HARIAN!$C$6:$C$9136,B$4),"") | C17: =IFERROR(AVERAGEIFS(DEBIT_HARIAN!$F$6:$F$9136,DEBIT_HARIAN!$B$6:$B$9136,$A17,DEBIT_HARIAN!$C$6:$C$9136,C$4),"") | D17: =IFERROR(AVERAGEIFS(DEBIT_HARIAN!$F$6:$F$9136,DEBIT_HARIAN!$B$6:$B$9136,$A17,DEBIT_HARIAN!$C$6:$C$9136,D$4),"") | E17: =IFERROR(AVERAGEIFS(DEBIT_HARIAN!$F$6:$F$9136,DEBIT_HARIAN!$B$6:$B$9136,$A17,DEBIT_HARIAN!$C$6:$C$9136,E$4),"") | F17: =IFERROR(AVERAGEIFS(DEBIT_HARIAN!$F$6:$F$9136,DEBIT_HARIAN!$B$6:$B$9136,$A17,DEBIT_HARIAN!$C$6:$C$9136,F$4),"") | G17: =IFERROR(AVERAGEIFS(DEBIT_HARIAN!$F$6:$F$9136,DEBIT_HARIAN!$B$6:$B$9136,$A17,DEBIT_HARIAN!$C$6:$C$9136,G$4),"") | H17: =IFERROR(AVERAGEIFS(DEBIT_HARIAN!$F$6:$F$9136,DEBIT_HARIAN!$B$6:$B$9136,$A17,DEBIT_HARIAN!$C$6:$C$9136,H$4),"") | I17: =IFERROR(AVERAGEIFS(DEBIT_HARIAN!$F$6:$F$9136,DEBIT_HARIAN!$B$6:$B$9136,$A17,DEBIT_HARIAN!$C$6:$C$9136,I$4),"") | ... M17: =IFERROR(AVERAGEIFS(DEBIT_HARIAN!$F$6:$F$9136,DEBIT_HARIAN!$B$6:$B$9136,$A17,DEBIT_HARIAN!$C$6:$C$9136,M$4),"") | N17: =IFERROR(AVERAGEIFS(DEBIT_HARIAN!$F$6:$F$9136,DEBIT_HARIAN!$B$6:$B$9136,$A17),"")
A18: 2012 | B18: =IFERROR(AVERAGEIFS(DEBIT_HARIAN!$F$6:$F$9136,DEBIT_HARIAN!$B$6:$B$9136,$A18,DEBIT_HARIAN!$C$6:$C$9136,B$4),"") | C18: =IFERROR(AVERAGEIFS(DEBIT_HARIAN!$F$6:$F$9136,DEBIT_HARIAN!$B$6:$B$9136,$A18,DEBIT_HARIAN!$C$6:$C$9136,C$4),"") | D18: =IFERROR(AVERAGEIFS(DEBIT_HARIAN!$F$6:$F$9136,DEBIT_HARIAN!$B$6:$B$9136,$A18,DEBIT_HARIAN!$C$6:$C$9136,D$4),"") | E18: =IFERROR(AVERAGEIFS(DEBIT_HARIAN!$F$6:$F$9136,DEBIT_HARIAN!$B$6:$B$9136,$A18,DEBIT_HARIAN!$C$6:$C$9136,E$4),"") | F18: =IFERROR(AVERAGEIFS(DEBIT_HARIAN!$F$6:$F$9136,DEBIT_HARIAN!$B$6:$B$9136,$A18,DEBIT_HARIAN!$C$6:$C$9136,F$4),"") | G18: =IFERROR(AVERAGEIFS(DEBIT_HARIAN!$F$6:$F$9136,DEBIT_HARIAN!$B$6:$B$9136,$A18,DEBIT_HARIAN!$C$6:$C$9136,G$4),"") | H18: =IFERROR(AVERAGEIFS(DEBIT_HARIAN!$F$6:$F$9136,DEBIT_HARIAN!$B$6:$B$9136,$A18,DEBIT_HARIAN!$C$6:$C$9136,H$4),"") | I18: =IFERROR(AVERAGEIFS(DEBIT_HARIAN!$F$6:$F$9136,DEBIT_HARIAN!$B$6:$B$9136,$A18,DEBIT_HARIAN!$C$6:$C$9136,I$4),"") | ... M18: =IFERROR(AVERAGEIFS(DEBIT_HARIAN!$F$6:$F$9136,DEBIT_HARIAN!$B$6:$B$9136,$A18,DEBIT_HARIAN!$C$6:$C$9136,M$4),"") | N18: =IFERROR(AVERAGEIFS(DEBIT_HARIAN!$F$6:$F$9136,DEBIT_HARIAN!$B$6:$B$9136,$A18),"")
... A31: 2025 | B31: =IFERROR(AVERAGEIFS(DEBIT_HARIAN!$F$6:$F$9136,DEBIT_HARIAN!$B$6:$B$9136,$A31,DEBIT_HARIAN!$C$6:$C$9136,B$4),"") | C31: =IFERROR(AVERAGEIFS(DEBIT_HARIAN!$F$6:$F$9136,DEBIT_HARIAN!$B$6:$B$9136,$A31,DEBIT_HARIAN!$C$6:$C$9136,C$4),"") | D31: =IFERROR(AVERAGEIFS(DEBIT_HARIAN!$F$6:$F$9136,DEBIT_HARIAN!$B$6:$B$9136,$A31,DEBIT_HARIAN!$C$6:$C$9136,D$4),"") | E31: =IFERROR(AVERAGEIFS(DEBIT_HARIAN!$F$6:$F$9136,DEBIT_HARIAN!$B$6:$B$9136,$A31,DEBIT_HARIAN!$C$6:$C$9136,E$4),"") | F31: =IFERROR(AVERAGEIFS(DEBIT_HARIAN!$F$6:$F$9136,DEBIT_HARIAN!$B$6:$B$9136,$A31,DEBIT_HARIAN!$C$6:$C$9136,F$4),"") | G31: =IFERROR(AVERAGEIFS(DEBIT_HARIAN!$F$6:$F$9136,DEBIT_HARIAN!$B$6:$B$9136,$A31,DEBIT_HARIAN!$C$6:$C$9136,G$4),"") | H31: =IFERROR(AVERAGEIFS(DEBIT_HARIAN!$F$6:$F$9136,DEBIT_HARIAN!$B$6:$B$9136,$A31,DEBIT_HARIAN!$C$6:$C$9136,H$4),"") | I31: =IFERROR(AVERAGEIFS(DEBIT_HARIAN!$F$6:$F$9136,DEBIT_HARIAN!$B$6:$B$9136,$A31,DEBIT_HARIAN!$C$6:$C$9136,I$4),"") | ... M31: =IFERROR(AVERAGEIFS(DEBIT_HARIAN!$F$6:$F$9136,DEBIT_HARIAN!$B$6:$B$9136,$A31,DEBIT_HARIAN!$C$6:$C$9136,M$4),"") | N31: =IFERROR(AVERAGEIFS(DEBIT_HARIAN!$F$6:$F$9136,DEBIT_HARIAN!$B$6:$B$9136,$A31),"")
A32: Rata-rata | B32: =IFERROR(AVERAGE(B7:B31),"") | C32: =IFERROR(AVERAGE(C7:C31),"") | D32: =IFERROR(AVERAGE(D7:D31),"") | E32: =IFERROR(AVERAGE(E7:E31),"") | F32: =IFERROR(AVERAGE(F7:F31),"") | G32: =IFERROR(AVERAGE(G7:G31),"") | H32: =IFERROR(AVERAGE(H7:H31),"") | I32: =IFERROR(AVERAGE(I7:I31),"") | ... N32: =IFERROR(AVERAGE(N7:N31),"")

Sheet DEBIT_15HARIAN
A1: DEBIT RATA-RATA 15 HARIAN - Outlet (m³/s)
A2: Rata-rata debit harian pada periode tersebut (m³/s). I = tanggal 1-15, II = tanggal 16 s/d akhir bulan. Baris 4-5: bulan dan kode setengah bulan yang dipakai rumus.
A4: Bulan | B4: 1 | C4: 1 | D4: 2 | E4: 2 | F4: 3 | G4: 3 | H4: 4 | I4: 4 | J4: 5 | K4: 5 | L4: 6 | M4: 6 | N4: 7 | O4: 7 | P4: 8 | Q4: 8 | R4: 9 | S4: 9 | T4: 10 | U4: 10 | V4: 11 | W4: 11 | X4: 12 | Y4: 12
A5: Setengah bulan | B5: 1 | C5: 2 | D5: 1 | E5: 2 | F5: 1 | G5: 2 | H5: 1 | I5: 2 | J5: 1 | K5: 2 | L5: 1 | M5: 2 | N5: 1 | O5: 2 | P5: 1 | Q5: 2 | R5: 1 | S5: 2 | T5: 1 | U5: 2 | V5: 1 | W5: 2 | X5: 1 | Y5: 2
A6: Tahun | B6: Jan I | C6: Jan II | D6: Feb I | E6: Feb II | F6: Mar I | G6: Mar II | H6: Apr I | I6: Apr II | J6: Mei I | K6: Mei II | L6: Jun I | M6: Jun II | N6: Jul I | O6: Jul II | P6: Agu I | Q6: Agu II | R6: Sep I | S6: Sep II | T6: Okt I | U6: Okt II | V6: Nov I | W6: Nov II | X6: Des I | Y6: Des II | Z6: Rata-rata
A7: 2001 | B7: =IFERROR(AVERAGEIFS(DEBIT_HARIAN!$F$6:$F$9136,DEBIT_HARIAN!$B$6:$B$9136,$A7,DEBIT_HARIAN!$C$6:$C$9136,B$4,DEBIT_HARIAN!$E$6:$E$9136,B$5),"") | C7: =IFERROR(AVERAGEIFS(DEBIT_HARIAN!$F$6:$F$9136,DEBIT_HARIAN!$B$6:$B$9136,$A7,DEBIT_HARIAN!$C$6:$C$9136,C$4,DEBIT_HARIAN!$E$6:$E$9136,C$5),"") | D7: =IFERROR(AVERAGEIFS(DEBIT_HARIAN!$F$6:$F$9136,DEBIT_HARIAN!$B$6:$B$9136,$A7,DEBIT_HARIAN!$C$6:$C$9136,D$4,DEBIT_HARIAN!$E$6:$E$9136,D$5),"") | E7: =IFERROR(AVERAGEIFS(DEBIT_HARIAN!$F$6:$F$9136,DEBIT_HARIAN!$B$6:$B$9136,$A7,DEBIT_HARIAN!$C$6:$C$9136,E$4,DEBIT_HARIAN!$E$6:$E$9136,E$5),"") | F7: =IFERROR(AVERAGEIFS(DEBIT_HARIAN!$F$6:$F$9136,DEBIT_HARIAN!$B$6:$B$9136,$A7,DEBIT_HARIAN!$C$6:$C$9136,F$4,DEBIT_HARIAN!$E$6:$E$9136,F$5),"") | G7: =IFERROR(AVERAGEIFS(DEBIT_HARIAN!$F$6:$F$9136,DEBIT_HARIAN!$B$6:$B$9136,$A7,DEBIT_HARIAN!$C$6:$C$9136,G$4,DEBIT_HARIAN!$E$6:$E$9136,G$5),"") | H7: =IFERROR(AVERAGEIFS(DEBIT_HARIAN!$F$6:$F$9136,DEBIT_HARIAN!$B$6:$B$9136,$A7,DEBIT_HARIAN!$C$6:$C$9136,H$4,DEBIT_HARIAN!$E$6:$E$9136,H$5),"") | I7: =IFERROR(AVERAGEIFS(DEBIT_HARIAN!$F$6:$F$9136,DEBIT_HARIAN!$B$6:$B$9136,$A7,DEBIT_HARIAN!$C$6:$C$9136,I$4,DEBIT_HARIAN!$E$6:$E$9136,I$5),"") | ... Y7: =IFERROR(AVERAGEIFS(DEBIT_HARIAN!$F$6:$F$9136,DEBIT_HARIAN!$B$6:$B$9136,$A7,DEBIT_HARIAN!$C$6:$C$9136,Y$4,DEBIT_HARIAN!$E$6:$E$9136,Y$5),"") | Z7: =IFERROR(AVERAGEIFS(DEBIT_HARIAN!$F$6:$F$9136,DEBIT_HARIAN!$B$6:$B$9136,$A7),"")
A8: 2002 | B8: =IFERROR(AVERAGEIFS(DEBIT_HARIAN!$F$6:$F$9136,DEBIT_HARIAN!$B$6:$B$9136,$A8,DEBIT_HARIAN!$C$6:$C$9136,B$4,DEBIT_HARIAN!$E$6:$E$9136,B$5),"") | C8: =IFERROR(AVERAGEIFS(DEBIT_HARIAN!$F$6:$F$9136,DEBIT_HARIAN!$B$6:$B$9136,$A8,DEBIT_HARIAN!$C$6:$C$9136,C$4,DEBIT_HARIAN!$E$6:$E$9136,C$5),"") | D8: =IFERROR(AVERAGEIFS(DEBIT_HARIAN!$F$6:$F$9136,DEBIT_HARIAN!$B$6:$B$9136,$A8,DEBIT_HARIAN!$C$6:$C$9136,D$4,DEBIT_HARIAN!$E$6:$E$9136,D$5),"") | E8: =IFERROR(AVERAGEIFS(DEBIT_HARIAN!$F$6:$F$9136,DEBIT_HARIAN!$B$6:$B$9136,$A8,DEBIT_HARIAN!$C$6:$C$9136,E$4,DEBIT_HARIAN!$E$6:$E$9136,E$5),"") | F8: =IFERROR(AVERAGEIFS(DEBIT_HARIAN!$F$6:$F$9136,DEBIT_HARIAN!$B$6:$B$9136,$A8,DEBIT_HARIAN!$C$6:$C$9136,F$4,DEBIT_HARIAN!$E$6:$E$9136,F$5),"") | G8: =IFERROR(AVERAGEIFS(DEBIT_HARIAN!$F$6:$F$9136,DEBIT_HARIAN!$B$6:$B$9136,$A8,DEBIT_HARIAN!$C$6:$C$9136,G$4,DEBIT_HARIAN!$E$6:$E$9136,G$5),"") | H8: =IFERROR(AVERAGEIFS(DEBIT_HARIAN!$F$6:$F$9136,DEBIT_HARIAN!$B$6:$B$9136,$A8,DEBIT_HARIAN!$C$6:$C$9136,H$4,DEBIT_HARIAN!$E$6:$E$9136,H$5),"") | I8: =IFERROR(AVERAGEIFS(DEBIT_HARIAN!$F$6:$F$9136,DEBIT_HARIAN!$B$6:$B$9136,$A8,DEBIT_HARIAN!$C$6:$C$9136,I$4,DEBIT_HARIAN!$E$6:$E$9136,I$5),"") | ... Y8: =IFERROR(AVERAGEIFS(DEBIT_HARIAN!$F$6:$F$9136,DEBIT_HARIAN!$B$6:$B$9136,$A8,DEBIT_HARIAN!$C$6:$C$9136,Y$4,DEBIT_HARIAN!$E$6:$E$9136,Y$5),"") | Z8: =IFERROR(AVERAGEIFS(DEBIT_HARIAN!$F$6:$F$9136,DEBIT_HARIAN!$B$6:$B$9136,$A8),"")
A9: 2003 | B9: =IFERROR(AVERAGEIFS(DEBIT_HARIAN!$F$6:$F$9136,DEBIT_HARIAN!$B$6:$B$9136,$A9,DEBIT_HARIAN!$C$6:$C$9136,B$4,DEBIT_HARIAN!$E$6:$E$9136,B$5),"") | C9: =IFERROR(AVERAGEIFS(DEBIT_HARIAN!$F$6:$F$9136,DEBIT_HARIAN!$B$6:$B$9136,$A9,DEBIT_HARIAN!$C$6:$C$9136,C$4,DEBIT_HARIAN!$E$6:$E$9136,C$5),"") | D9: =IFERROR(AVERAGEIFS(DEBIT_HARIAN!$F$6:$F$9136,DEBIT_HARIAN!$B$6:$B$9136,$A9,DEBIT_HARIAN!$C$6:$C$9136,D$4,DEBIT_HARIAN!$E$6:$E$9136,D$5),"") | E9: =IFERROR(AVERAGEIFS(DEBIT_HARIAN!$F$6:$F$9136,DEBIT_HARIAN!$B$6:$B$9136,$A9,DEBIT_HARIAN!$C$6:$C$9136,E$4,DEBIT_HARIAN!$E$6:$E$9136,E$5),"") | F9: =IFERROR(AVERAGEIFS(DEBIT_HARIAN!$F$6:$F$9136,DEBIT_HARIAN!$B$6:$B$9136,$A9,DEBIT_HARIAN!$C$6:$C$9136,F$4,DEBIT_HARIAN!$E$6:$E$9136,F$5),"") | G9: =IFERROR(AVERAGEIFS(DEBIT_HARIAN!$F$6:$F$9136,DEBIT_HARIAN!$B$6:$B$9136,$A9,DEBIT_HARIAN!$C$6:$C$9136,G$4,DEBIT_HARIAN!$E$6:$E$9136,G$5),"") | H9: =IFERROR(AVERAGEIFS(DEBIT_HARIAN!$F$6:$F$9136,DEBIT_HARIAN!$B$6:$B$9136,$A9,DEBIT_HARIAN!$C$6:$C$9136,H$4,DEBIT_HARIAN!$E$6:$E$9136,H$5),"") | I9: =IFERROR(AVERAGEIFS(DEBIT_HARIAN!$F$6:$F$9136,DEBIT_HARIAN!$B$6:$B$9136,$A9,DEBIT_HARIAN!$C$6:$C$9136,I$4,DEBIT_HARIAN!$E$6:$E$9136,I$5),"") | ... Y9: =IFERROR(AVERAGEIFS(DEBIT_HARIAN!$F$6:$F$9136,DEBIT_HARIAN!$B$6:$B$9136,$A9,DEBIT_HARIAN!$C$6:$C$9136,Y$4,DEBIT_HARIAN!$E$6:$E$9136,Y$5),"") | Z9: =IFERROR(AVERAGEIFS(DEBIT_HARIAN!$F$6:$F$9136,DEBIT_HARIAN!$B$6:$B$9136,$A9),"")
A10: 2004 | B10: =IFERROR(AVERAGEIFS(DEBIT_HARIAN!$F$6:$F$9136,DEBIT_HARIAN!$B$6:$B$9136,$A10,DEBIT_HARIAN!$C$6:$C$9136,B$4,DEBIT_HARIAN!$E$6:$E$9136,B$5),"") | C10: =IFERROR(AVERAGEIFS(DEBIT_HARIAN!$F$6:$F$9136,DEBIT_HARIAN!$B$6:$B$9136,$A10,DEBIT_HARIAN!$C$6:$C$9136,C$4,DEBIT_HARIAN!$E$6:$E$9136,C$5),"") | D10: =IFERROR(AVERAGEIFS(DEBIT_HARIAN!$F$6:$F$9136,DEBIT_HARIAN!$B$6:$B$9136,$A10,DEBIT_HARIAN!$C$6:$C$9136,D$4,DEBIT_HARIAN!$E$6:$E$9136,D$5),"") | E10: =IFERROR(AVERAGEIFS(DEBIT_HARIAN!$F$6:$F$9136,DEBIT_HARIAN!$B$6:$B$9136,$A10,DEBIT_HARIAN!$C$6:$C$9136,E$4,DEBIT_HARIAN!$E$6:$E$9136,E$5),"") | F10: =IFERROR(AVERAGEIFS(DEBIT_HARIAN!$F$6:$F$9136,DEBIT_HARIAN!$B$6:$B$9136,$A10,DEBIT_HARIAN!$C$6:$C$9136,F$4,DEBIT_HARIAN!$E$6:$E$9136,F$5),"") | G10: =IFERROR(AVERAGEIFS(DEBIT_HARIAN!$F$6:$F$9136,DEBIT_HARIAN!$B$6:$B$9136,$A10,DEBIT_HARIAN!$C$6:$C$9136,G$4,DEBIT_HARIAN!$E$6:$E$9136,G$5),"") | H10: =IFERROR(AVERAGEIFS(DEBIT_HARIAN!$F$6:$F$9136,DEBIT_HARIAN!$B$6:$B$9136,$A10,DEBIT_HARIAN!$C$6:$C$9136,H$4,DEBIT_HARIAN!$E$6:$E$9136,H$5),"") | I10: =IFERROR(AVERAGEIFS(DEBIT_HARIAN!$F$6:$F$9136,DEBIT_HARIAN!$B$6:$B$9136,$A10,DEBIT_HARIAN!$C$6:$C$9136,I$4,DEBIT_HARIAN!$E$6:$E$9136,I$5),"") | ... Y10: =IFERROR(AVERAGEIFS(DEBIT_HARIAN!$F$6:$F$9136,DEBIT_HARIAN!$B$6:$B$9136,$A10,DEBIT_HARIAN!$C$6:$C$9136,Y$4,DEBIT_HARIAN!$E$6:$E$9136,Y$5),"") | Z10: =IFERROR(AVERAGEIFS(DEBIT_HARIAN!$F$6:$F$9136,DEBIT_HARIAN!$B$6:$B$9136,$A10),"")
A11: 2005 | B11: =IFERROR(AVERAGEIFS(DEBIT_HARIAN!$F$6:$F$9136,DEBIT_HARIAN!$B$6:$B$9136,$A11,DEBIT_HARIAN!$C$6:$C$9136,B$4,DEBIT_HARIAN!$E$6:$E$9136,B$5),"") | C11: =IFERROR(AVERAGEIFS(DEBIT_HARIAN!$F$6:$F$9136,DEBIT_HARIAN!$B$6:$B$9136,$A11,DEBIT_HARIAN!$C$6:$C$9136,C$4,DEBIT_HARIAN!$E$6:$E$9136,C$5),"") | D11: =IFERROR(AVERAGEIFS(DEBIT_HARIAN!$F$6:$F$9136,DEBIT_HARIAN!$B$6:$B$9136,$A11,DEBIT_HARIAN!$C$6:$C$9136,D$4,DEBIT_HARIAN!$E$6:$E$9136,D$5),"") | E11: =IFERROR(AVERAGEIFS(DEBIT_HARIAN!$F$6:$F$9136,DEBIT_HARIAN!$B$6:$B$9136,$A11,DEBIT_HARIAN!$C$6:$C$9136,E$4,DEBIT_HARIAN!$E$6:$E$9136,E$5),"") | F11: =IFERROR(AVERAGEIFS(DEBIT_HARIAN!$F$6:$F$9136,DEBIT_HARIAN!$B$6:$B$9136,$A11,DEBIT_HARIAN!$C$6:$C$9136,F$4,DEBIT_HARIAN!$E$6:$E$9136,F$5),"") | G11: =IFERROR(AVERAGEIFS(DEBIT_HARIAN!$F$6:$F$9136,DEBIT_HARIAN!$B$6:$B$9136,$A11,DEBIT_HARIAN!$C$6:$C$9136,G$4,DEBIT_HARIAN!$E$6:$E$9136,G$5),"") | H11: =IFERROR(AVERAGEIFS(DEBIT_HARIAN!$F$6:$F$9136,DEBIT_HARIAN!$B$6:$B$9136,$A11,DEBIT_HARIAN!$C$6:$C$9136,H$4,DEBIT_HARIAN!$E$6:$E$9136,H$5),"") | I11: =IFERROR(AVERAGEIFS(DEBIT_HARIAN!$F$6:$F$9136,DEBIT_HARIAN!$B$6:$B$9136,$A11,DEBIT_HARIAN!$C$6:$C$9136,I$4,DEBIT_HARIAN!$E$6:$E$9136,I$5),"") | ... Y11: =IFERROR(AVERAGEIFS(DEBIT_HARIAN!$F$6:$F$9136,DEBIT_HARIAN!$B$6:$B$9136,$A11,DEBIT_HARIAN!$C$6:$C$9136,Y$4,DEBIT_HARIAN!$E$6:$E$9136,Y$5),"") | Z11: =IFERROR(AVERAGEIFS(DEBIT_HARIAN!$F$6:$F$9136,DEBIT_HARIAN!$B$6:$B$9136,$A11),"")
A12: 2006 | B12: =IFERROR(AVERAGEIFS(DEBIT_HARIAN!$F$6:$F$9136,DEBIT_HARIAN!$B$6:$B$9136,$A12,DEBIT_HARIAN!$C$6:$C$9136,B$4,DEBIT_HARIAN!$E$6:$E$9136,B$5),"") | C12: =IFERROR(AVERAGEIFS(DEBIT_HARIAN!$F$6:$F$9136,DEBIT_HARIAN!$B$6:$B$9136,$A12,DEBIT_HARIAN!$C$6:$C$9136,C$4,DEBIT_HARIAN!$E$6:$E$9136,C$5),"") | D12: =IFERROR(AVERAGEIFS(DEBIT_HARIAN!$F$6:$F$9136,DEBIT_HARIAN!$B$6:$B$9136,$A12,DEBIT_HARIAN!$C$6:$C$9136,D$4,DEBIT_HARIAN!$E$6:$E$9136,D$5),"") | E12: =IFERROR(AVERAGEIFS(DEBIT_HARIAN!$F$6:$F$9136,DEBIT_HARIAN!$B$6:$B$9136,$A12,DEBIT_HARIAN!$C$6:$C$9136,E$4,DEBIT_HARIAN!$E$6:$E$9136,E$5),"") | F12: =IFERROR(AVERAGEIFS(DEBIT_HARIAN!$F$6:$F$9136,DEBIT_HARIAN!$B$6:$B$9136,$A12,DEBIT_HARIAN!$C$6:$C$9136,F$4,DEBIT_HARIAN!$E$6:$E$9136,F$5),"") | G12: =IFERROR(AVERAGEIFS(DEBIT_HARIAN!$F$6:$F$9136,DEBIT_HARIAN!$B$6:$B$9136,$A12,DEBIT_HARIAN!$C$6:$C$9136,G$4,DEBIT_HARIAN!$E$6:$E$9136,G$5),"") | H12: =IFERROR(AVERAGEIFS(DEBIT_HARIAN!$F$6:$F$9136,DEBIT_HARIAN!$B$6:$B$9136,$A12,DEBIT_HARIAN!$C$6:$C$9136,H$4,DEBIT_HARIAN!$E$6:$E$9136,H$5),"") | I12: =IFERROR(AVERAGEIFS(DEBIT_HARIAN!$F$6:$F$9136,DEBIT_HARIAN!$B$6:$B$9136,$A12,DEBIT_HARIAN!$C$6:$C$9136,I$4,DEBIT_HARIAN!$E$6:$E$9136,I$5),"") | ... Y12: =IFERROR(AVERAGEIFS(DEBIT_HARIAN!$F$6:$F$9136,DEBIT_HARIAN!$B$6:$B$9136,$A12,DEBIT_HARIAN!$C$6:$C$9136,Y$4,DEBIT_HARIAN!$E$6:$E$9136,Y$5),"") | Z12: =IFERROR(AVERAGEIFS(DEBIT_HARIAN!$F$6:$F$9136,DEBIT_HARIAN!$B$6:$B$9136,$A12),"")
A13: 2007 | B13: =IFERROR(AVERAGEIFS(DEBIT_HARIAN!$F$6:$F$9136,DEBIT_HARIAN!$B$6:$B$9136,$A13,DEBIT_HARIAN!$C$6:$C$9136,B$4,DEBIT_HARIAN!$E$6:$E$9136,B$5),"") | C13: =IFERROR(AVERAGEIFS(DEBIT_HARIAN!$F$6:$F$9136,DEBIT_HARIAN!$B$6:$B$9136,$A13,DEBIT_HARIAN!$C$6:$C$9136,C$4,DEBIT_HARIAN!$E$6:$E$9136,C$5),"") | D13: =IFERROR(AVERAGEIFS(DEBIT_HARIAN!$F$6:$F$9136,DEBIT_HARIAN!$B$6:$B$9136,$A13,DEBIT_HARIAN!$C$6:$C$9136,D$4,DEBIT_HARIAN!$E$6:$E$9136,D$5),"") | E13: =IFERROR(AVERAGEIFS(DEBIT_HARIAN!$F$6:$F$9136,DEBIT_HARIAN!$B$6:$B$9136,$A13,DEBIT_HARIAN!$C$6:$C$9136,E$4,DEBIT_HARIAN!$E$6:$E$9136,E$5),"") | F13: =IFERROR(AVERAGEIFS(DEBIT_HARIAN!$F$6:$F$9136,DEBIT_HARIAN!$B$6:$B$9136,$A13,DEBIT_HARIAN!$C$6:$C$9136,F$4,DEBIT_HARIAN!$E$6:$E$9136,F$5),"") | G13: =IFERROR(AVERAGEIFS(DEBIT_HARIAN!$F$6:$F$9136,DEBIT_HARIAN!$B$6:$B$9136,$A13,DEBIT_HARIAN!$C$6:$C$9136,G$4,DEBIT_HARIAN!$E$6:$E$9136,G$5),"") | H13: =IFERROR(AVERAGEIFS(DEBIT_HARIAN!$F$6:$F$9136,DEBIT_HARIAN!$B$6:$B$9136,$A13,DEBIT_HARIAN!$C$6:$C$9136,H$4,DEBIT_HARIAN!$E$6:$E$9136,H$5),"") | I13: =IFERROR(AVERAGEIFS(DEBIT_HARIAN!$F$6:$F$9136,DEBIT_HARIAN!$B$6:$B$9136,$A13,DEBIT_HARIAN!$C$6:$C$9136,I$4,DEBIT_HARIAN!$E$6:$E$9136,I$5),"") | ... Y13: =IFERROR(AVERAGEIFS(DEBIT_HARIAN!$F$6:$F$9136,DEBIT_HARIAN!$B$6:$B$9136,$A13,DEBIT_HARIAN!$C$6:$C$9136,Y$4,DEBIT_HARIAN!$E$6:$E$9136,Y$5),"") | Z13: =IFERROR(AVERAGEIFS(DEBIT_HARIAN!$F$6:$F$9136,DEBIT_HARIAN!$B$6:$B$9136,$A13),"")
A14: 2008 | B14: =IFERROR(AVERAGEIFS(DEBIT_HARIAN!$F$6:$F$9136,DEBIT_HARIAN!$B$6:$B$9136,$A14,DEBIT_HARIAN!$C$6:$C$9136,B$4,DEBIT_HARIAN!$E$6:$E$9136,B$5),"") | C14: =IFERROR(AVERAGEIFS(DEBIT_HARIAN!$F$6:$F$9136,DEBIT_HARIAN!$B$6:$B$9136,$A14,DEBIT_HARIAN!$C$6:$C$9136,C$4,DEBIT_HARIAN!$E$6:$E$9136,C$5),"") | D14: =IFERROR(AVERAGEIFS(DEBIT_HARIAN!$F$6:$F$9136,DEBIT_HARIAN!$B$6:$B$9136,$A14,DEBIT_HARIAN!$C$6:$C$9136,D$4,DEBIT_HARIAN!$E$6:$E$9136,D$5),"") | E14: =IFERROR(AVERAGEIFS(DEBIT_HARIAN!$F$6:$F$9136,DEBIT_HARIAN!$B$6:$B$9136,$A14,DEBIT_HARIAN!$C$6:$C$9136,E$4,DEBIT_HARIAN!$E$6:$E$9136,E$5),"") | F14: =IFERROR(AVERAGEIFS(DEBIT_HARIAN!$F$6:$F$9136,DEBIT_HARIAN!$B$6:$B$9136,$A14,DEBIT_HARIAN!$C$6:$C$9136,F$4,DEBIT_HARIAN!$E$6:$E$9136,F$5),"") | G14: =IFERROR(AVERAGEIFS(DEBIT_HARIAN!$F$6:$F$9136,DEBIT_HARIAN!$B$6:$B$9136,$A14,DEBIT_HARIAN!$C$6:$C$9136,G$4,DEBIT_HARIAN!$E$6:$E$9136,G$5),"") | H14: =IFERROR(AVERAGEIFS(DEBIT_HARIAN!$F$6:$F$9136,DEBIT_HARIAN!$B$6:$B$9136,$A14,DEBIT_HARIAN!$C$6:$C$9136,H$4,DEBIT_HARIAN!$E$6:$E$9136,H$5),"") | I14: =IFERROR(AVERAGEIFS(DEBIT_HARIAN!$F$6:$F$9136,DEBIT_HARIAN!$B$6:$B$9136,$A14,DEBIT_HARIAN!$C$6:$C$9136,I$4,DEBIT_HARIAN!$E$6:$E$9136,I$5),"") | ... Y14: =IFERROR(AVERAGEIFS(DEBIT_HARIAN!$F$6:$F$9136,DEBIT_HARIAN!$B$6:$B$9136,$A14,DEBIT_HARIAN!$C$6:$C$9136,Y$4,DEBIT_HARIAN!$E$6:$E$9136,Y$5),"") | Z14: =IFERROR(AVERAGEIFS(DEBIT_HARIAN!$F$6:$F$9136,DEBIT_HARIAN!$B$6:$B$9136,$A14),"")
A15: 2009 | B15: =IFERROR(AVERAGEIFS(DEBIT_HARIAN!$F$6:$F$9136,DEBIT_HARIAN!$B$6:$B$9136,$A15,DEBIT_HARIAN!$C$6:$C$9136,B$4,DEBIT_HARIAN!$E$6:$E$9136,B$5),"") | C15: =IFERROR(AVERAGEIFS(DEBIT_HARIAN!$F$6:$F$9136,DEBIT_HARIAN!$B$6:$B$9136,$A15,DEBIT_HARIAN!$C$6:$C$9136,C$4,DEBIT_HARIAN!$E$6:$E$9136,C$5),"") | D15: =IFERROR(AVERAGEIFS(DEBIT_HARIAN!$F$6:$F$9136,DEBIT_HARIAN!$B$6:$B$9136,$A15,DEBIT_HARIAN!$C$6:$C$9136,D$4,DEBIT_HARIAN!$E$6:$E$9136,D$5),"") | E15: =IFERROR(AVERAGEIFS(DEBIT_HARIAN!$F$6:$F$9136,DEBIT_HARIAN!$B$6:$B$9136,$A15,DEBIT_HARIAN!$C$6:$C$9136,E$4,DEBIT_HARIAN!$E$6:$E$9136,E$5),"") | F15: =IFERROR(AVERAGEIFS(DEBIT_HARIAN!$F$6:$F$9136,DEBIT_HARIAN!$B$6:$B$9136,$A15,DEBIT_HARIAN!$C$6:$C$9136,F$4,DEBIT_HARIAN!$E$6:$E$9136,F$5),"") | G15: =IFERROR(AVERAGEIFS(DEBIT_HARIAN!$F$6:$F$9136,DEBIT_HARIAN!$B$6:$B$9136,$A15,DEBIT_HARIAN!$C$6:$C$9136,G$4,DEBIT_HARIAN!$E$6:$E$9136,G$5),"") | H15: =IFERROR(AVERAGEIFS(DEBIT_HARIAN!$F$6:$F$9136,DEBIT_HARIAN!$B$6:$B$9136,$A15,DEBIT_HARIAN!$C$6:$C$9136,H$4,DEBIT_HARIAN!$E$6:$E$9136,H$5),"") | I15: =IFERROR(AVERAGEIFS(DEBIT_HARIAN!$F$6:$F$9136,DEBIT_HARIAN!$B$6:$B$9136,$A15,DEBIT_HARIAN!$C$6:$C$9136,I$4,DEBIT_HARIAN!$E$6:$E$9136,I$5),"") | ... Y15: =IFERROR(AVERAGEIFS(DEBIT_HARIAN!$F$6:$F$9136,DEBIT_HARIAN!$B$6:$B$9136,$A15,DEBIT_HARIAN!$C$6:$C$9136,Y$4,DEBIT_HARIAN!$E$6:$E$9136,Y$5),"") | Z15: =IFERROR(AVERAGEIFS(DEBIT_HARIAN!$F$6:$F$9136,DEBIT_HARIAN!$B$6:$B$9136,$A15),"")
A16: 2010 | B16: =IFERROR(AVERAGEIFS(DEBIT_HARIAN!$F$6:$F$9136,DEBIT_HARIAN!$B$6:$B$9136,$A16,DEBIT_HARIAN!$C$6:$C$9136,B$4,DEBIT_HARIAN!$E$6:$E$9136,B$5),"") | C16: =IFERROR(AVERAGEIFS(DEBIT_HARIAN!$F$6:$F$9136,DEBIT_HARIAN!$B$6:$B$9136,$A16,DEBIT_HARIAN!$C$6:$C$9136,C$4,DEBIT_HARIAN!$E$6:$E$9136,C$5),"") | D16: =IFERROR(AVERAGEIFS(DEBIT_HARIAN!$F$6:$F$9136,DEBIT_HARIAN!$B$6:$B$9136,$A16,DEBIT_HARIAN!$C$6:$C$9136,D$4,DEBIT_HARIAN!$E$6:$E$9136,D$5),"") | E16: =IFERROR(AVERAGEIFS(DEBIT_HARIAN!$F$6:$F$9136,DEBIT_HARIAN!$B$6:$B$9136,$A16,DEBIT_HARIAN!$C$6:$C$9136,E$4,DEBIT_HARIAN!$E$6:$E$9136,E$5),"") | F16: =IFERROR(AVERAGEIFS(DEBIT_HARIAN!$F$6:$F$9136,DEBIT_HARIAN!$B$6:$B$9136,$A16,DEBIT_HARIAN!$C$6:$C$9136,F$4,DEBIT_HARIAN!$E$6:$E$9136,F$5),"") | G16: =IFERROR(AVERAGEIFS(DEBIT_HARIAN!$F$6:$F$9136,DEBIT_HARIAN!$B$6:$B$9136,$A16,DEBIT_HARIAN!$C$6:$C$9136,G$4,DEBIT_HARIAN!$E$6:$E$9136,G$5),"") | H16: =IFERROR(AVERAGEIFS(DEBIT_HARIAN!$F$6:$F$9136,DEBIT_HARIAN!$B$6:$B$9136,$A16,DEBIT_HARIAN!$C$6:$C$9136,H$4,DEBIT_HARIAN!$E$6:$E$9136,H$5),"") | I16: =IFERROR(AVERAGEIFS(DEBIT_HARIAN!$F$6:$F$9136,DEBIT_HARIAN!$B$6:$B$9136,$A16,DEBIT_HARIAN!$C$6:$C$9136,I$4,DEBIT_HARIAN!$E$6:$E$9136,I$5),"") | ... Y16: =IFERROR(AVERAGEIFS(DEBIT_HARIAN!$F$6:$F$9136,DEBIT_HARIAN!$B$6:$B$9136,$A16,DEBIT_HARIAN!$C$6:$C$9136,Y$4,DEBIT_HARIAN!$E$6:$E$9136,Y$5),"") | Z16: =IFERROR(AVERAGEIFS(DEBIT_HARIAN!$F$6:$F$9136,DEBIT_HARIAN!$B$6:$B$9136,$A16),"")
A17: 2011 | B17: =IFERROR(AVERAGEIFS(DEBIT_HARIAN!$F$6:$F$9136,DEBIT_HARIAN!$B$6:$B$9136,$A17,DEBIT_HARIAN!$C$6:$C$9136,B$4,DEBIT_HARIAN!$E$6:$E$9136,B$5),"") | C17: =IFERROR(AVERAGEIFS(DEBIT_HARIAN!$F$6:$F$9136,DEBIT_HARIAN!$B$6:$B$9136,$A17,DEBIT_HARIAN!$C$6:$C$9136,C$4,DEBIT_HARIAN!$E$6:$E$9136,C$5),"") | D17: =IFERROR(AVERAGEIFS(DEBIT_HARIAN!$F$6:$F$9136,DEBIT_HARIAN!$B$6:$B$9136,$A17,DEBIT_HARIAN!$C$6:$C$9136,D$4,DEBIT_HARIAN!$E$6:$E$9136,D$5),"") | E17: =IFERROR(AVERAGEIFS(DEBIT_HARIAN!$F$6:$F$9136,DEBIT_HARIAN!$B$6:$B$9136,$A17,DEBIT_HARIAN!$C$6:$C$9136,E$4,DEBIT_HARIAN!$E$6:$E$9136,E$5),"") | F17: =IFERROR(AVERAGEIFS(DEBIT_HARIAN!$F$6:$F$9136,DEBIT_HARIAN!$B$6:$B$9136,$A17,DEBIT_HARIAN!$C$6:$C$9136,F$4,DEBIT_HARIAN!$E$6:$E$9136,F$5),"") | G17: =IFERROR(AVERAGEIFS(DEBIT_HARIAN!$F$6:$F$9136,DEBIT_HARIAN!$B$6:$B$9136,$A17,DEBIT_HARIAN!$C$6:$C$9136,G$4,DEBIT_HARIAN!$E$6:$E$9136,G$5),"") | H17: =IFERROR(AVERAGEIFS(DEBIT_HARIAN!$F$6:$F$9136,DEBIT_HARIAN!$B$6:$B$9136,$A17,DEBIT_HARIAN!$C$6:$C$9136,H$4,DEBIT_HARIAN!$E$6:$E$9136,H$5),"") | I17: =IFERROR(AVERAGEIFS(DEBIT_HARIAN!$F$6:$F$9136,DEBIT_HARIAN!$B$6:$B$9136,$A17,DEBIT_HARIAN!$C$6:$C$9136,I$4,DEBIT_HARIAN!$E$6:$E$9136,I$5),"") | ... Y17: =IFERROR(AVERAGEIFS(DEBIT_HARIAN!$F$6:$F$9136,DEBIT_HARIAN!$B$6:$B$9136,$A17,DEBIT_HARIAN!$C$6:$C$9136,Y$4,DEBIT_HARIAN!$E$6:$E$9136,Y$5),"") | Z17: =IFERROR(AVERAGEIFS(DEBIT_HARIAN!$F$6:$F$9136,DEBIT_HARIAN!$B$6:$B$9136,$A17),"")
A18: 2012 | B18: =IFERROR(AVERAGEIFS(DEBIT_HARIAN!$F$6:$F$9136,DEBIT_HARIAN!$B$6:$B$9136,$A18,DEBIT_HARIAN!$C$6:$C$9136,B$4,DEBIT_HARIAN!$E$6:$E$9136,B$5),"") | C18: =IFERROR(AVERAGEIFS(DEBIT_HARIAN!$F$6:$F$9136,DEBIT_HARIAN!$B$6:$B$9136,$A18,DEBIT_HARIAN!$C$6:$C$9136,C$4,DEBIT_HARIAN!$E$6:$E$9136,C$5),"") | D18: =IFERROR(AVERAGEIFS(DEBIT_HARIAN!$F$6:$F$9136,DEBIT_HARIAN!$B$6:$B$9136,$A18,DEBIT_HARIAN!$C$6:$C$9136,D$4,DEBIT_HARIAN!$E$6:$E$9136,D$5),"") | E18: =IFERROR(AVERAGEIFS(DEBIT_HARIAN!$F$6:$F$9136,DEBIT_HARIAN!$B$6:$B$9136,$A18,DEBIT_HARIAN!$C$6:$C$9136,E$4,DEBIT_HARIAN!$E$6:$E$9136,E$5),"") | F18: =IFERROR(AVERAGEIFS(DEBIT_HARIAN!$F$6:$F$9136,DEBIT_HARIAN!$B$6:$B$9136,$A18,DEBIT_HARIAN!$C$6:$C$9136,F$4,DEBIT_HARIAN!$E$6:$E$9136,F$5),"") | G18: =IFERROR(AVERAGEIFS(DEBIT_HARIAN!$F$6:$F$9136,DEBIT_HARIAN!$B$6:$B$9136,$A18,DEBIT_HARIAN!$C$6:$C$9136,G$4,DEBIT_HARIAN!$E$6:$E$9136,G$5),"") | H18: =IFERROR(AVERAGEIFS(DEBIT_HARIAN!$F$6:$F$9136,DEBIT_HARIAN!$B$6:$B$9136,$A18,DEBIT_HARIAN!$C$6:$C$9136,H$4,DEBIT_HARIAN!$E$6:$E$9136,H$5),"") | I18: =IFERROR(AVERAGEIFS(DEBIT_HARIAN!$F$6:$F$9136,DEBIT_HARIAN!$B$6:$B$9136,$A18,DEBIT_HARIAN!$C$6:$C$9136,I$4,DEBIT_HARIAN!$E$6:$E$9136,I$5),"") | ... Y18: =IFERROR(AVERAGEIFS(DEBIT_HARIAN!$F$6:$F$9136,DEBIT_HARIAN!$B$6:$B$9136,$A18,DEBIT_HARIAN!$C$6:$C$9136,Y$4,DEBIT_HARIAN!$E$6:$E$9136,Y$5),"") | Z18: =IFERROR(AVERAGEIFS(DEBIT_HARIAN!$F$6:$F$9136,DEBIT_HARIAN!$B$6:$B$9136,$A18),"")
... A31: 2025 | B31: =IFERROR(AVERAGEIFS(DEBIT_HARIAN!$F$6:$F$9136,DEBIT_HARIAN!$B$6:$B$9136,$A31,DEBIT_HARIAN!$C$6:$C$9136,B$4,DEBIT_HARIAN!$E$6:$E$9136,B$5),"") | C31: =IFERROR(AVERAGEIFS(DEBIT_HARIAN!$F$6:$F$9136,DEBIT_HARIAN!$B$6:$B$9136,$A31,DEBIT_HARIAN!$C$6:$C$9136,C$4,DEBIT_HARIAN!$E$6:$E$9136,C$5),"") | D31: =IFERROR(AVERAGEIFS(DEBIT_HARIAN!$F$6:$F$9136,DEBIT_HARIAN!$B$6:$B$9136,$A31,DEBIT_HARIAN!$C$6:$C$9136,D$4,DEBIT_HARIAN!$E$6:$E$9136,D$5),"") | E31: =IFERROR(AVERAGEIFS(DEBIT_HARIAN!$F$6:$F$9136,DEBIT_HARIAN!$B$6:$B$9136,$A31,DEBIT_HARIAN!$C$6:$C$9136,E$4,DEBIT_HARIAN!$E$6:$E$9136,E$5),"") | F31: =IFERROR(AVERAGEIFS(DEBIT_HARIAN!$F$6:$F$9136,DEBIT_HARIAN!$B$6:$B$9136,$A31,DEBIT_HARIAN!$C$6:$C$9136,F$4,DEBIT_HARIAN!$E$6:$E$9136,F$5),"") | G31: =IFERROR(AVERAGEIFS(DEBIT_HARIAN!$F$6:$F$9136,DEBIT_HARIAN!$B$6:$B$9136,$A31,DEBIT_HARIAN!$C$6:$C$9136,G$4,DEBIT_HARIAN!$E$6:$E$9136,G$5),"") | H31: =IFERROR(AVERAGEIFS(DEBIT_HARIAN!$F$6:$F$9136,DEBIT_HARIAN!$B$6:$B$9136,$A31,DEBIT_HARIAN!$C$6:$C$9136,H$4,DEBIT_HARIAN!$E$6:$E$9136,H$5),"") | I31: =IFERROR(AVERAGEIFS(DEBIT_HARIAN!$F$6:$F$9136,DEBIT_HARIAN!$B$6:$B$9136,$A31,DEBIT_HARIAN!$C$6:$C$9136,I$4,DEBIT_HARIAN!$E$6:$E$9136,I$5),"") | ... Y31: =IFERROR(AVERAGEIFS(DEBIT_HARIAN!$F$6:$F$9136,DEBIT_HARIAN!$B$6:$B$9136,$A31,DEBIT_HARIAN!$C$6:$C$9136,Y$4,DEBIT_HARIAN!$E$6:$E$9136,Y$5),"") | Z31: =IFERROR(AVERAGEIFS(DEBIT_HARIAN!$F$6:$F$9136,DEBIT_HARIAN!$B$6:$B$9136,$A31),"")
A32: Rata-rata | B32: =IFERROR(AVERAGE(B7:B31),"") | C32: =IFERROR(AVERAGE(C7:C31),"") | D32: =IFERROR(AVERAGE(D7:D31),"") | E32: =IFERROR(AVERAGE(E7:E31),"") | F32: =IFERROR(AVERAGE(F7:F31),"") | G32: =IFERROR(AVERAGE(G7:G31),"") | H32: =IFERROR(AVERAGE(H7:H31),"") | I32: =IFERROR(AVERAGE(I7:I31),"") | ... Z32: =IFERROR(AVERAGE(Z7:Z31),"")

Sheet DEBIT_HARIAN
A1: DEBIT HARIAN - Outlet
A2: Hasil simulasi HEC-HMS (rata-rata harian; nilai pukul 24:00 masuk ke hari tersebut). Kolom Tahun/Bulan/Hari/Setengah bulan dihitung dengan rumus dari kolom Tanggal.
A3: Setengah bulan: 1 = tanggal 1-15, 2 = tanggal 16 s/d akhir bulan.
A5: Tanggal | B5: Tahun | C5: Bulan | D5: Hari | E5: Setengah bulan | F5: Debit Outlet (m³/s)
A6: 36892 | B6: =YEAR(A6) | C6: =MONTH(A6) | D6: =DAY(A6) | E6: =IF(D6<=15,1,2) | F6: 3.118621
A7: 36893 | B7: =YEAR(A7) | C7: =MONTH(A7) | D7: =DAY(A7) | E7: =IF(D7<=15,1,2) | F7: 9.499468
A8: 36894 | B8: =YEAR(A8) | C8: =MONTH(A8) | D8: =DAY(A8) | E8: =IF(D8<=15,1,2) | F8: 5.348573
A9: 36895 | B9: =YEAR(A9) | C9: =MONTH(A9) | D9: =DAY(A9) | E9: =IF(D9<=15,1,2) | F9: 3.153014
A10: 36896 | B10: =YEAR(A10) | C10: =MONTH(A10) | D10: =DAY(A10) | E10: =IF(D10<=15,1,2) | F10: 1.826924
A11: 36897 | B11: =YEAR(A11) | C11: =MONTH(A11) | D11: =DAY(A11) | E11: =IF(D11<=15,1,2) | F11: 1.741695
A12: 36898 | B12: =YEAR(A12) | C12: =MONTH(A12) | D12: =DAY(A12) | E12: =IF(D12<=15,1,2) | F12: 1.138853
A13: 36899 | B13: =YEAR(A13) | C13: =MONTH(A13) | D13: =DAY(A13) | E13: =IF(D13<=15,1,2) | F13: 0.736089
A14: 36900 | B14: =YEAR(A14) | C14: =MONTH(A14) | D14: =DAY(A14) | E14: =IF(D14<=15,1,2) | F14: 0.527509
A15: 36901 | B15: =YEAR(A15) | C15: =MONTH(A15) | D15: =DAY(A15) | E15: =IF(D15<=15,1,2) | F15: 0.389049
A16: 36902 | B16: =YEAR(A16) | C16: =MONTH(A16) | D16: =DAY(A16) | E16: =IF(D16<=15,1,2) | F16: 0.29151
A17: 36903 | B17: =YEAR(A17) | C17: =MONTH(A17) | D17: =DAY(A17) | E17: =IF(D17<=15,1,2) | F17: 4.557805
... A9136: 46022 | B9136: =YEAR(A9136) | C9136: =MONTH(A9136) | D9136: =DAY(A9136) | E9136: =IF(D9136<=15,1,2) | F9136: 7.681286

Sheet HARIAN_PER_BULAN
A1: DEBIT HARIAN DIKELOMPOKKAN PER BULAN - Outlet (m³/s)
A2: Setiap sel merujuk ke lembar DEBIT_HARIAN; dipakai lembar ANDALAN_HARIAN.
A4: Januari | B4: Februari | C4: Maret | D4: April | E4: Mei | F4: Juni | G4: Juli | H4: Agustus | I4: September | J4: Oktober | K4: November | L4: Desember
A5: =DEBIT_HARIAN!F6 | B5: =DEBIT_HARIAN!F37 | C5: =DEBIT_HARIAN!F65 | D5: =DEBIT_HARIAN!F96 | E5: =DEBIT_HARIAN!F126 | F5: =DEBIT_HARIAN!F157 | G5: =DEBIT_HARIAN!F187 | H5: =DEBIT_HARIAN!F218 | I5: =DEBIT_HARIAN!F249 | J5: =DEBIT_HARIAN!F279 | K5: =DEBIT_HARIAN!F310 | L5: =DEBIT_HARIAN!F340
A6: =DEBIT_HARIAN!F7 | B6: =DEBIT_HARIAN!F38 | C6: =DEBIT_HARIAN!F66 | D6: =DEBIT_HARIAN!F97 | E6: =DEBIT_HARIAN!F127 | F6: =DEBIT_HARIAN!F158 | G6: =DEBIT_HARIAN!F188 | H6: =DEBIT_HARIAN!F219 | I6: =DEBIT_HARIAN!F250 | J6: =DEBIT_HARIAN!F280 | K6: =DEBIT_HARIAN!F311 | L6: =DEBIT_HARIAN!F341
A7: =DEBIT_HARIAN!F8 | B7: =DEBIT_HARIAN!F39 | C7: =DEBIT_HARIAN!F67 | D7: =DEBIT_HARIAN!F98 | E7: =DEBIT_HARIAN!F128 | F7: =DEBIT_HARIAN!F159 | G7: =DEBIT_HARIAN!F189 | H7: =DEBIT_HARIAN!F220 | I7: =DEBIT_HARIAN!F251 | J7: =DEBIT_HARIAN!F281 | K7: =DEBIT_HARIAN!F312 | L7: =DEBIT_HARIAN!F342
A8: =DEBIT_HARIAN!F9 | B8: =DEBIT_HARIAN!F40 | C8: =DEBIT_HARIAN!F68 | D8: =DEBIT_HARIAN!F99 | E8: =DEBIT_HARIAN!F129 | F8: =DEBIT_HARIAN!F160 | G8: =DEBIT_HARIAN!F190 | H8: =DEBIT_HARIAN!F221 | I8: =DEBIT_HARIAN!F252 | J8: =DEBIT_HARIAN!F282 | K8: =DEBIT_HARIAN!F313 | L8: =DEBIT_HARIAN!F343
A9: =DEBIT_HARIAN!F10 | B9: =DEBIT_HARIAN!F41 | C9: =DEBIT_HARIAN!F69 | D9: =DEBIT_HARIAN!F100 | E9: =DEBIT_HARIAN!F130 | F9: =DEBIT_HARIAN!F161 | G9: =DEBIT_HARIAN!F191 | H9: =DEBIT_HARIAN!F222 | I9: =DEBIT_HARIAN!F253 | J9: =DEBIT_HARIAN!F283 | K9: =DEBIT_HARIAN!F314 | L9: =DEBIT_HARIAN!F344
A10: =DEBIT_HARIAN!F11 | B10: =DEBIT_HARIAN!F42 | C10: =DEBIT_HARIAN!F70 | D10: =DEBIT_HARIAN!F101 | E10: =DEBIT_HARIAN!F131 | F10: =DEBIT_HARIAN!F162 | G10: =DEBIT_HARIAN!F192 | H10: =DEBIT_HARIAN!F223 | I10: =DEBIT_HARIAN!F254 | J10: =DEBIT_HARIAN!F284 | K10: =DEBIT_HARIAN!F315 | L10: =DEBIT_HARIAN!F345
A11: =DEBIT_HARIAN!F12 | B11: =DEBIT_HARIAN!F43 | C11: =DEBIT_HARIAN!F71 | D11: =DEBIT_HARIAN!F102 | E11: =DEBIT_HARIAN!F132 | F11: =DEBIT_HARIAN!F163 | G11: =DEBIT_HARIAN!F193 | H11: =DEBIT_HARIAN!F224 | I11: =DEBIT_HARIAN!F255 | J11: =DEBIT_HARIAN!F285 | K11: =DEBIT_HARIAN!F316 | L11: =DEBIT_HARIAN!F346
A12: =DEBIT_HARIAN!F13 | B12: =DEBIT_HARIAN!F44 | C12: =DEBIT_HARIAN!F72 | D12: =DEBIT_HARIAN!F103 | E12: =DEBIT_HARIAN!F133 | F12: =DEBIT_HARIAN!F164 | G12: =DEBIT_HARIAN!F194 | H12: =DEBIT_HARIAN!F225 | I12: =DEBIT_HARIAN!F256 | J12: =DEBIT_HARIAN!F286 | K12: =DEBIT_HARIAN!F317 | L12: =DEBIT_HARIAN!F347
A13: =DEBIT_HARIAN!F14 | B13: =DEBIT_HARIAN!F45 | C13: =DEBIT_HARIAN!F73 | D13: =DEBIT_HARIAN!F104 | E13: =DEBIT_HARIAN!F134 | F13: =DEBIT_HARIAN!F165 | G13: =DEBIT_HARIAN!F195 | H13: =DEBIT_HARIAN!F226 | I13: =DEBIT_HARIAN!F257 | J13: =DEBIT_HARIAN!F287 | K13: =DEBIT_HARIAN!F318 | L13: =DEBIT_HARIAN!F348
A14: =DEBIT_HARIAN!F15 | B14: =DEBIT_HARIAN!F46 | C14: =DEBIT_HARIAN!F74 | D14: =DEBIT_HARIAN!F105 | E14: =DEBIT_HARIAN!F135 | F14: =DEBIT_HARIAN!F166 | G14: =DEBIT_HARIAN!F196 | H14: =DEBIT_HARIAN!F227 | I14: =DEBIT_HARIAN!F258 | J14: =DEBIT_HARIAN!F288 | K14: =DEBIT_HARIAN!F319 | L14: =DEBIT_HARIAN!F349
A15: =DEBIT_HARIAN!F16 | B15: =DEBIT_HARIAN!F47 | C15: =DEBIT_HARIAN!F75 | D15: =DEBIT_HARIAN!F106 | E15: =DEBIT_HARIAN!F136 | F15: =DEBIT_HARIAN!F167 | G15: =DEBIT_HARIAN!F197 | H15: =DEBIT_HARIAN!F228 | I15: =DEBIT_HARIAN!F259 | J15: =DEBIT_HARIAN!F289 | K15: =DEBIT_HARIAN!F320 | L15: =DEBIT_HARIAN!F350
A16: =DEBIT_HARIAN!F17 | B16: =DEBIT_HARIAN!F48 | C16: =DEBIT_HARIAN!F76 | D16: =DEBIT_HARIAN!F107 | E16: =DEBIT_HARIAN!F137 | F16: =DEBIT_HARIAN!F168 | G16: =DEBIT_HARIAN!F198 | H16: =DEBIT_HARIAN!F229 | I16: =DEBIT_HARIAN!F260 | J16: =DEBIT_HARIAN!F290 | K16: =DEBIT_HARIAN!F321 | L16: =DEBIT_HARIAN!F351
... A32: =DEBIT_HARIAN!F33 | B32: =DEBIT_HARIAN!F64 | C32: =DEBIT_HARIAN!F92 | D32: =DEBIT_HARIAN!F123 | E32: =DEBIT_HARIAN!F153 | F32: =DEBIT_HARIAN!F184 | G32: =DEBIT_HARIAN!F214 | H32: =DEBIT_HARIAN!F245 | I32: =DEBIT_HARIAN!F276 | J32: =DEBIT_HARIAN!F306 | K32: =DEBIT_HARIAN!F337 | L32: =DEBIT_HARIAN!F367
A33: =DEBIT_HARIAN!F34 | B33: =DEBIT_HARIAN!F402 | C33: =DEBIT_HARIAN!F93 | D33: =DEBIT_HARIAN!F124 | E33: =DEBIT_HARIAN!F154 | F33: =DEBIT_HARIAN!F185 | G33: =DEBIT_HARIAN!F215 | H33: =DEBIT_HARIAN!F246 | I33: =DEBIT_HARIAN!F277 | J33: =DEBIT_HARIAN!F307 | K33: =DEBIT_HARIAN!F338 | L33: =DEBIT_HARIAN!F368
A34: =DEBIT_HARIAN!F35 | B34: =DEBIT_HARIAN!F403 | C34: =DEBIT_HARIAN!F94 | D34: =DEBIT_HARIAN!F125 | E34: =DEBIT_HARIAN!F155 | F34: =DEBIT_HARIAN!F186 | G34: =DEBIT_HARIAN!F216 | H34: =DEBIT_HARIAN!F247 | I34: =DEBIT_HARIAN!F278 | J34: =DEBIT_HARIAN!F308 | K34: =DEBIT_HARIAN!F339 | L34: =DEBIT_HARIAN!F369
A35: =DEBIT_HARIAN!F36 | B35: =DEBIT_HARIAN!F404 | C35: =DEBIT_HARIAN!F95 | D35: =DEBIT_HARIAN!F461 | E35: =DEBIT_HARIAN!F156 | F35: =DEBIT_HARIAN!F522 | G35: =DEBIT_HARIAN!F217 | H35: =DEBIT_HARIAN!F248 | I35: =DEBIT_HARIAN!F614 | J35: =DEBIT_HARIAN!F309 | K35: =DEBIT_HARIAN!F675 | L35: =DEBIT_HARIAN!F370
A36: =DEBIT_HARIAN!F371 | B36: =DEBIT_HARIAN!F405 | C36: =DEBIT_HARIAN!F430 | D36: =DEBIT_HARIAN!F462 | E36: =DEBIT_HARIAN!F491 | F36: =DEBIT_HARIAN!F523 | G36: =DEBIT_HARIAN!F552 | H36: =DEBIT_HARIAN!F583 | I36: =DEBIT_HARIAN!F615 | J36: =DEBIT_HARIAN!F644 | K36: =DEBIT_HARIAN!F676 | L36: =DEBIT_HARIAN!F705
A37: =DEBIT_HARIAN!F372 | B37: =DEBIT_HARIAN!F406 | C37: =DEBIT_HARIAN!F431 | D37: =DEBIT_HARIAN!F463 | E37: =DEBIT_HARIAN!F492 | F37: =DEBIT_HARIAN!F524 | G37: =DEBIT_HARIAN!F553 | H37: =DEBIT_HARIAN!F584 | I37: =DEBIT_HARIAN!F616 | J37: =DEBIT_HARIAN!F645 | K37: =DEBIT_HARIAN!F677 | L37: =DEBIT_HARIAN!F706
A38: =DEBIT_HARIAN!F373 | B38: =DEBIT_HARIAN!F407 | C38: =DEBIT_HARIAN!F432 | D38: =DEBIT_HARIAN!F464 | E38: =DEBIT_HARIAN!F493 | F38: =DEBIT_HARIAN!F525 | G38: =DEBIT_HARIAN!F554 | H38: =DEBIT_HARIAN!F585 | I38: =DEBIT_HARIAN!F617 | J38: =DEBIT_HARIAN!F646 | K38: =DEBIT_HARIAN!F678 | L38: =DEBIT_HARIAN!F707
A39: =DEBIT_HARIAN!F374 | B39: =DEBIT_HARIAN!F408 | C39: =DEBIT_HARIAN!F433 | D39: =DEBIT_HARIAN!F465 | E39: =DEBIT_HARIAN!F494 | F39: =DEBIT_HARIAN!F526 | G39: =DEBIT_HARIAN!F555 | H39: =DEBIT_HARIAN!F586 | I39: =DEBIT_HARIAN!F618 | J39: =DEBIT_HARIAN!F647 | K39: =DEBIT_HARIAN!F679 | L39: =DEBIT_HARIAN!F708
A40: =DEBIT_HARIAN!F375 | B40: =DEBIT_HARIAN!F409 | C40: =DEBIT_HARIAN!F434 | D40: =DEBIT_HARIAN!F466 | E40: =DEBIT_HARIAN!F495 | F40: =DEBIT_HARIAN!F527 | G40: =DEBIT_HARIAN!F556 | H40: =DEBIT_HARIAN!F587 | I40: =DEBIT_HARIAN!F619 | J40: =DEBIT_HARIAN!F648 | K40: =DEBIT_HARIAN!F680 | L40: =DEBIT_HARIAN!F709
A41: =DEBIT_HARIAN!F376 | B41: =DEBIT_HARIAN!F410 | C41: =DEBIT_HARIAN!F435 | D41: =DEBIT_HARIAN!F467 | E41: =DEBIT_HARIAN!F496 | F41: =DEBIT_HARIAN!F528 | G41: =DEBIT_HARIAN!F557 | H41: =DEBIT_HARIAN!F588 | I41: =DEBIT_HARIAN!F620 | J41: =DEBIT_HARIAN!F649 | K41: =DEBIT_HARIAN!F681 | L41: =DEBIT_HARIAN!F710
A42: =DEBIT_HARIAN!F377 | B42: =DEBIT_HARIAN!F411 | C42: =DEBIT_HARIAN!F436 | D42: =DEBIT_HARIAN!F468 | E42: =DEBIT_HARIAN!F497 | F42: =DEBIT_HARIAN!F529 | G42: =DEBIT_HARIAN!F558 | H42: =DEBIT_HARIAN!F589 | I42: =DEBIT_HARIAN!F621 | J42: =DEBIT_HARIAN!F650 | K42: =DEBIT_HARIAN!F682 | L42: =DEBIT_HARIAN!F711
A43: =DEBIT_HARIAN!F378 | B43: =DEBIT_HARIAN!F412 | C43: =DEBIT_HARIAN!F437 | D43: =DEBIT_HARIAN!F469 | E43: =DEBIT_HARIAN!F498 | F43: =DEBIT_HARIAN!F530 | G43: =DEBIT_HARIAN!F559 | H43: =DEBIT_HARIAN!F590 | I43: =DEBIT_HARIAN!F622 | J43: =DEBIT_HARIAN!F651 | K43: =DEBIT_HARIAN!F683 | L43: =DEBIT_HARIAN!F712
A44: =DEBIT_HARIAN!F379 | B44: =DEBIT_HARIAN!F413 | C44: =DEBIT_HARIAN!F438 | D44: =DEBIT_HARIAN!F470 | E44: =DEBIT_HARIAN!F499 | F44: =DEBIT_HARIAN!F531 | G44: =DEBIT_HARIAN!F560 | H44: =DEBIT_HARIAN!F591 | I44: =DEBIT_HARIAN!F623 | J44: =DEBIT_HARIAN!F652 | K44: =DEBIT_HARIAN!F684 | L44: =DEBIT_HARIAN!F713
A45: =DEBIT_HARIAN!F380 | B45: =DEBIT_HARIAN!F414 | C45: =DEBIT_HARIAN!F439 | D45: =DEBIT_HARIAN!F471 | E45: =DEBIT_HARIAN!F500 | F45: =DEBIT_HARIAN!F532 | G45: =DEBIT_HARIAN!F561 | H45: =DEBIT_HARIAN!F592 | I45: =DEBIT_HARIAN!F624 | J45: =DEBIT_HARIAN!F653 | K45: =DEBIT_HARIAN!F685 | L45: =DEBIT_HARIAN!F714
A46: =DEBIT_HARIAN!F381 | B46: =DEBIT_HARIAN!F415 | C46: =DEBIT_HARIAN!F440 | D46: =DEBIT_HARIAN!F472 | E46: =DEBIT_HARIAN!F501 | F46: =DEBIT_HARIAN!F533 | G46: =DEBIT_HARIAN!F562 | H46: =DEBIT_HARIAN!F593 | I46: =DEBIT_HARIAN!F625 | J46: =DEBIT_HARIAN!F654 | K46: =DEBIT_HARIAN!F686 | L46: =DEBIT_HARIAN!F715
A47: =DEBIT_HARIAN!F382 | B47: =DEBIT_HARIAN!F416 | C47: =DEBIT_HARIAN!F441 | D47: =DEBIT_HARIAN!F473 | E47: =DEBIT_HARIAN!F502 | F47: =DEBIT_HARIAN!F534 | G47: =DEBIT_HARIAN!F563 | H47: =DEBIT_HARIAN!F594 | I47: =DEBIT_HARIAN!F626 | J47: =DEBIT_HARIAN!F655 | K47: =DEBIT_HARIAN!F687 | L47: =DEBIT_HARIAN!F716
... A60: =DEBIT_HARIAN!F395 | B60: =DEBIT_HARIAN!F429 | C60: =DEBIT_HARIAN!F454 | D60: =DEBIT_HARIAN!F486 | E60: =DEBIT_HARIAN!F515 | F60: =DEBIT_HARIAN!F547 | G60: =DEBIT_HARIAN!F576 | H60: =DEBIT_HARIAN!F607 | I60: =DEBIT_HARIAN!F639 | J60: =DEBIT_HARIAN!F668 | K60: =DEBIT_HARIAN!F700 | L60: =DEBIT_HARIAN!F729
A61: =DEBIT_HARIAN!F396 | B61: =DEBIT_HARIAN!F767 | C61: =DEBIT_HARIAN!F455 | D61: =DEBIT_HARIAN!F487 | E61: =DEBIT_HARIAN!F516 | F61: =DEBIT_HARIAN!F548 | G61: =DEBIT_HARIAN!F577 | H61: =DEBIT_HARIAN!F608 | I61: =DEBIT_HARIAN!F640 | J61: =DEBIT_HARIAN!F669 | K61: =DEBIT_HARIAN!F701 | L61: =DEBIT_HARIAN!F730
A62: =DEBIT_HARIAN!F397 | B62: =DEBIT_HARIAN!F768 | C62: =DEBIT_HARIAN!F456 | D62: =DEBIT_HARIAN!F488 | E62: =DEBIT_HARIAN!F517 | F62: =DEBIT_HARIAN!F549 | G62: =DEBIT_HARIAN!F578 | H62: =DEBIT_HARIAN!F609 | I62: =DEBIT_HARIAN!F641 | J62: =DEBIT_HARIAN!F670 | K62: =DEBIT_HARIAN!F702 | L62: =DEBIT_HARIAN!F731
A63: =DEBIT_HARIAN!F398 | B63: =DEBIT_HARIAN!F769 | C63: =DEBIT_HARIAN!F457 | D63: =DEBIT_HARIAN!F489 | E63: =DEBIT_HARIAN!F518 | F63: =DEBIT_HARIAN!F550 | G63: =DEBIT_HARIAN!F579 | H63: =DEBIT_HARIAN!F610 | I63: =DEBIT_HARIAN!F642 | J63: =DEBIT_HARIAN!F671 | K63: =DEBIT_HARIAN!F703 | L63: =DEBIT_HARIAN!F732
A64: =DEBIT_HARIAN!F399 | B64: =DEBIT_HARIAN!F770 | C64: =DEBIT_HARIAN!F458 | D64: =DEBIT_HARIAN!F490 | E64: =DEBIT_HARIAN!F519 | F64: =DEBIT_HARIAN!F551 | G64: =DEBIT_HARIAN!F580 | H64: =DEBIT_HARIAN!F611 | I64: =DEBIT_HARIAN!F643 | J64: =DEBIT_HARIAN!F672 | K64: =DEBIT_HARIAN!F704 | L64: =DEBIT_HARIAN!F733
A65: =DEBIT_HARIAN!F400 | B65: =DEBIT_HARIAN!F771 | C65: =DEBIT_HARIAN!F459 | D65: =DEBIT_HARIAN!F826 | E65: =DEBIT_HARIAN!F520 | F65: =DEBIT_HARIAN!F887 | G65: =DEBIT_HARIAN!F581 | H65: =DEBIT_HARIAN!F612 | I65: =DEBIT_HARIAN!F979 | J65: =DEBIT_HARIAN!F673 | K65: =DEBIT_HARIAN!F1040 | L65: =DEBIT_HARIAN!F734
A66: =DEBIT_HARIAN!F401 | B66: =DEBIT_HARIAN!F772 | C66: =DEBIT_HARIAN!F460 | D66: =DEBIT_HARIAN!F827 | E66: =DEBIT_HARIAN!F521 | F66: =DEBIT_HARIAN!F888 | G66: =DEBIT_HARIAN!F582 | H66: =DEBIT_HARIAN!F613 | I66: =DEBIT_HARIAN!F980 | J66: =DEBIT_HARIAN!F674 | K66: =DEBIT_HARIAN!F1041 | L66: =DEBIT_HARIAN!F735
A67: =DEBIT_HARIAN!F736 | B67: =DEBIT_HARIAN!F773 | C67: =DEBIT_HARIAN!F795 | D67: =DEBIT_HARIAN!F828 | E67: =DEBIT_HARIAN!F856 | F67: =DEBIT_HARIAN!F889 | G67: =DEBIT_HARIAN!F917 | H67: =DEBIT_HARIAN!F948 | I67: =DEBIT_HARIAN!F981 | J67: =DEBIT_HARIAN!F1009 | K67: =DEBIT_HARIAN!F1042 | L67: =DEBIT_HARIAN!F1070
A68: =DEBIT_HARIAN!F737 | B68: =DEBIT_HARIAN!F774 | C68: =DEBIT_HARIAN!F796 | D68: =DEBIT_HARIAN!F829 | E68: =DEBIT_HARIAN!F857 | F68: =DEBIT_HARIAN!F890 | G68: =DEBIT_HARIAN!F918 | H68: =DEBIT_HARIAN!F949 | I68: =DEBIT_HARIAN!F982 | J68: =DEBIT_HARIAN!F1010 | K68: =DEBIT_HARIAN!F1043 | L68: =DEBIT_HARIAN!F1071
A69: =DEBIT_HARIAN!F738 | B69: =DEBIT_HARIAN!F775 | C69: =DEBIT_HARIAN!F797 | D69: =DEBIT_HARIAN!F830 | E69: =DEBIT_HARIAN!F858 | F69: =DEBIT_HARIAN!F891 | G69: =DEBIT_HARIAN!F919 | H69: =DEBIT_HARIAN!F950 | I69: =DEBIT_HARIAN!F983 | J69: =DEBIT_HARIAN!F1011 | K69: =DEBIT_HARIAN!F1044 | L69: =DEBIT_HARIAN!F1072
A70: =DEBIT_HARIAN!F739 | B70: =DEBIT_HARIAN!F776 | C70: =DEBIT_HARIAN!F798 | D70: =DEBIT_HARIAN!F831 | E70: =DEBIT_HARIAN!F859 | F70: =DEBIT_HARIAN!F892 | G70: =DEBIT_HARIAN!F920 | H70: =DEBIT_HARIAN!F951 | I70: =DEBIT_HARIAN!F984 | J70: =DEBIT_HARIAN!F1012 | K70: =DEBIT_HARIAN!F1045 | L70: =DEBIT_HARIAN!F1073
A71: =DEBIT_HARIAN!F740 | B71: =DEBIT_HARIAN!F777 | C71: =DEBIT_HARIAN!F799 | D71: =DEBIT_HARIAN!F832 | E71: =DEBIT_HARIAN!F860 | F71: =DEBIT_HARIAN!F893 | G71: =DEBIT_HARIAN!F921 | H71: =DEBIT_HARIAN!F952 | I71: =DEBIT_HARIAN!F985 | J71: =DEBIT_HARIAN!F1013 | K71: =DEBIT_HARIAN!F1046 | L71: =DEBIT_HARIAN!F1074
A72: =DEBIT_HARIAN!F741 | B72: =DEBIT_HARIAN!F778 | C72: =DEBIT_HARIAN!F800 | D72: =DEBIT_HARIAN!F833 | E72: =DEBIT_HARIAN!F861 | F72: =DEBIT_HARIAN!F894 | G72: =DEBIT_HARIAN!F922 | H72: =DEBIT_HARIAN!F953 | I72: =DEBIT_HARIAN!F986 | J72: =DEBIT_HARIAN!F1014 | K72: =DEBIT_HARIAN!F1047 | L72: =DEBIT_HARIAN!F1075
A73: =DEBIT_HARIAN!F742 | B73: =DEBIT_HARIAN!F779 | C73: =DEBIT_HARIAN!F801 | D73: =DEBIT_HARIAN!F834 | E73: =DEBIT_HARIAN!F862 | F73: =DEBIT_HARIAN!F895 | G73: =DEBIT_HARIAN!F923 | H73: =DEBIT_HARIAN!F954 | I73: =DEBIT_HARIAN!F987 | J73: =DEBIT_HARIAN!F1015 | K73: =DEBIT_HARIAN!F1048 | L73: =DEBIT_HARIAN!F1076
A74: =DEBIT_HARIAN!F743 | B74: =DEBIT_HARIAN!F780 | C74: =DEBIT_HARIAN!F802 | D74: =DEBIT_HARIAN!F835 | E74: =DEBIT_HARIAN!F863 | F74: =DEBIT_HARIAN!F896 | G74: =DEBIT_HARIAN!F924 | H74: =DEBIT_HARIAN!F955 | I74: =DEBIT_HARIAN!F988 | J74: =DEBIT_HARIAN!F1016 | K74: =DEBIT_HARIAN!F1049 | L74: =DEBIT_HARIAN!F1077
A75: =DEBIT_HARIAN!F744 | B75: =DEBIT_HARIAN!F781 | C75: =DEBIT_HARIAN!F803 | D75: =DEBIT_HARIAN!F836 | E75: =DEBIT_HARIAN!F864 | F75: =DEBIT_HARIAN!F897 | G75: =DEBIT_HARIAN!F925 | H75: =DEBIT_HARIAN!F956 | I75: =DEBIT_HARIAN!F989 | J75: =DEBIT_HARIAN!F1017 | K75: =DEBIT_HARIAN!F1050 | L75: =DEBIT_HARIAN!F1078
A76: =DEBIT_HARIAN!F745 | B76: =DEBIT_HARIAN!F782 | C76: =DEBIT_HARIAN!F804 | D76: =DEBIT_HARIAN!F837 | E76: =DEBIT_HARIAN!F865 | F76: =DEBIT_HARIAN!F898 | G76: =DEBIT_HARIAN!F926 | H76: =DEBIT_HARIAN!F957 | I76: =DEBIT_HARIAN!F990 | J76: =DEBIT_HARIAN!F1018 | K76: =DEBIT_HARIAN!F1051 | L76: =DEBIT_HARIAN!F1079
A77: =DEBIT_HARIAN!F746 | B77: =DEBIT_HARIAN!F783 | C77: =DEBIT_HARIAN!F805 | D77: =DEBIT_HARIAN!F838 | E77: =DEBIT_HARIAN!F866 | F77: =DEBIT_HARIAN!F899 | G77: =DEBIT_HARIAN!F927 | H77: =DEBIT_HARIAN!F958 | I77: =DEBIT_HARIAN!F991 | J77: =DEBIT_HARIAN!F1019 | K77: =DEBIT_HARIAN!F1052 | L77: =DEBIT_HARIAN!F1080
A78: =DEBIT_HARIAN!F747 | B78: =DEBIT_HARIAN!F784 | C78: =DEBIT_HARIAN!F806 | D78: =DEBIT_HARIAN!F839 | E78: =DEBIT_HARIAN!F867 | F78: =DEBIT_HARIAN!F900 | G78: =DEBIT_HARIAN!F928 | H78: =DEBIT_HARIAN!F959 | I78: =DEBIT_HARIAN!F992 | J78: =DEBIT_HARIAN!F1020 | K78: =DEBIT_HARIAN!F1053 | L78: =DEBIT_HARIAN!F1081
... A88: =DEBIT_HARIAN!F757 | B88: =DEBIT_HARIAN!F794 | C88: =DEBIT_HARIAN!F816 | D88: =DEBIT_HARIAN!F849 | E88: =DEBIT_HARIAN!F877 | F88: =DEBIT_HARIAN!F910 | G88: =DEBIT_HARIAN!F938 | H88: =DEBIT_HARIAN!F969 | I88: =DEBIT_HARIAN!F1002 | J88: =DEBIT_HARIAN!F1030 | K88: =DEBIT_HARIAN!F1063 | L88: =DEBIT_HARIAN!F1091
A89: =DEBIT_HARIAN!F758 | B89: =DEBIT_HARIAN!F1132 | C89: =DEBIT_HARIAN!F817 | D89: =DEBIT_HARIAN!F850 | E89: =DEBIT_HARIAN!F878 | F89: =DEBIT_HARIAN!F911 | G89: =DEBIT_HARIAN!F939 | H89: =DEBIT_HARIAN!F970 | I89: =DEBIT_HARIAN!F1003 | J89: =DEBIT_HARIAN!F1031 | K89: =DEBIT_HARIAN!F1064 | L89: =DEBIT_HARIAN!F1092
A90: =DEBIT_HARIAN!F759 | B90: =DEBIT_HARIAN!F1133 | C90: =DEBIT_HARIAN!F818 | D90: =DEBIT_HARIAN!F851 | E90: =DEBIT_HARIAN!F879 | F90: =DEBIT_HARIAN!F912 | G90: =DEBIT_HARIAN!F940 | H90: =DEBIT_HARIAN!F971 | I90: =DEBIT_HARIAN!F1004 | J90: =DEBIT_HARIAN!F1032 | K90: =DEBIT_HARIAN!F1065 | L90: =DEBIT_HARIAN!F1093
A91: =DEBIT_HARIAN!F760 | B91: =DEBIT_HARIAN!F1134 | C91: =DEBIT_HARIAN!F819 | D91: =DEBIT_HARIAN!F852 | E91: =DEBIT_HARIAN!F880 | F91: =DEBIT_HARIAN!F913 | G91: =DEBIT_HARIAN!F941 | H91: =DEBIT_HARIAN!F972 | I91: =DEBIT_HARIAN!F1005 | J91: =DEBIT_HARIAN!F1033 | K91: =DEBIT_HARIAN!F1066 | L91: =DEBIT_HARIAN!F1094
A92: =DEBIT_HARIAN!F761 | B92: =DEBIT_HARIAN!F1135 | C92: =DEBIT_HARIAN!F820 | D92: =DEBIT_HARIAN!F853 | E92: =DEBIT_HARIAN!F881 | F92: =DEBIT_HARIAN!F914 | G92: =DEBIT_HARIAN!F942 | H92: =DEBIT_HARIAN!F973 | I92: =DEBIT_HARIAN!F1006 | J92: =DEBIT_HARIAN!F1034 | K92: =DEBIT_HARIAN!F1067 | L92: =DEBIT_HARIAN!F1095
A93: =DEBIT_HARIAN!F762 | B93: =DEBIT_HARIAN!F1136 | C93: =DEBIT_HARIAN!F821 | D93: =DEBIT_HARIAN!F854 | E93: =DEBIT_HARIAN!F882 | F93: =DEBIT_HARIAN!F915 | G93: =DEBIT_HARIAN!F943 | H93: =DEBIT_HARIAN!F974 | I93: =DEBIT_HARIAN!F1007 | J93: =DEBIT_HARIAN!F1035 | K93: =DEBIT_HARIAN!F1068 | L93: =DEBIT_HARIAN!F1096
A94: =DEBIT_HARIAN!F763 | B94: =DEBIT_HARIAN!F1137 | C94: =DEBIT_HARIAN!F822 | D94: =DEBIT_HARIAN!F855 | E94: =DEBIT_HARIAN!F883 | F94: =DEBIT_HARIAN!F916 | G94: =DEBIT_HARIAN!F944 | H94: =DEBIT_HARIAN!F975 | I94: =DEBIT_HARIAN!F1008 | J94: =DEBIT_HARIAN!F1036 | K94: =DEBIT_HARIAN!F1069 | L94: =DEBIT_HARIAN!F1097
A95: =DEBIT_HARIAN!F764 | B95: =DEBIT_HARIAN!F1138 | C95: =DEBIT_HARIAN!F823 | D95: =DEBIT_HARIAN!F1192 | E95: =DEBIT_HARIAN!F884 | F95: =DEBIT_HARIAN!F1253 | G95: =DEBIT_HARIAN!F945 | H95: =DEBIT_HARIAN!F976 | I95: =DEBIT_HARIAN!F1345 | J95: =DEBIT_HARIAN!F1037 | K95: =DEBIT_HARIAN!F1406 | L95: =DEBIT_HARIAN!F1098
A96: =DEBIT_HARIAN!F765 | B96: =DEBIT_HARIAN!F1139 | C96: =DEBIT_HARIAN!F824 | D96: =DEBIT_HARIAN!F1193 | E96: =DEBIT_HARIAN!F885 | F96: =DEBIT_HARIAN!F1254 | G96: =DEBIT_HARIAN!F946 | H96: =DEBIT_HARIAN!F977 | I96: =DEBIT_HARIAN!F1346 | J96: =DEBIT_HARIAN!F1038 | K96: =DEBIT_HARIAN!F1407 | L96: =DEBIT_HARIAN!F1099
A97: =DEBIT_HARIAN!F766 | B97: =DEBIT_HARIAN!F1140 | C97: =DEBIT_HARIAN!F825 | D97: =DEBIT_HARIAN!F1194 | E97: =DEBIT_HARIAN!F886 | F97: =DEBIT_HARIAN!F1255 | G97: =DEBIT_HARIAN!F947 | H97: =DEBIT_HARIAN!F978 | I97: =DEBIT_HARIAN!F1347 | J97: =DEBIT_HARIAN!F1039 | K97: =DEBIT_HARIAN!F1408 | L97: =DEBIT_HARIAN!F1100
A98: =DEBIT_HARIAN!F1101 | B98: =DEBIT_HARIAN!F1141 | C98: =DEBIT_HARIAN!F1161 | D98: =DEBIT_HARIAN!F1195 | E98: =DEBIT_HARIAN!F1222 | F98: =DEBIT_HARIAN!F1256 | G98: =DEBIT_HARIAN!F1283 | H98: =DEBIT_HARIAN!F1314 | I98: =DEBIT_HARIAN!F1348 | J98: =DEBIT_HARIAN!F1375 | K98: =DEBIT_HARIAN!F1409 | L98: =DEBIT_HARIAN!F1436
A99: =DEBIT_HARIAN!F1102 | B99: =DEBIT_HARIAN!F1142 | C99: =DEBIT_HARIAN!F1162 | D99: =DEBIT_HARIAN!F1196 | E99: =DEBIT_HARIAN!F1223 | F99: =DEBIT_HARIAN!F1257 | G99: =DEBIT_HARIAN!F1284 | H99: =DEBIT_HARIAN!F1315 | I99: =DEBIT_HARIAN!F1349 | J99: =DEBIT_HARIAN!F1376 | K99: =DEBIT_HARIAN!F1410 | L99: =DEBIT_HARIAN!F1437
A100: =DEBIT_HARIAN!F1103 | B100: =DEBIT_HARIAN!F1143 | C100: =DEBIT_HARIAN!F1163 | D100: =DEBIT_HARIAN!F1197 | E100: =DEBIT_HARIAN!F1224 | F100: =DEBIT_HARIAN!F1258 | G100: =DEBIT_HARIAN!F1285 | H100: =DEBIT_HARIAN!F1316 | I100: =DEBIT_HARIAN!F1350 | J100: =DEBIT_HARIAN!F1377 | K100: =DEBIT_HARIAN!F1411 | L100: =DEBIT_HARIAN!F1438
A101: =DEBIT_HARIAN!F1104 | B101: =DEBIT_HARIAN!F1144 | C101: =DEBIT_HARIAN!F1164 | D101: =DEBIT_HARIAN!F1198 | E101: =DEBIT_HARIAN!F1225 | F101: =DEBIT_HARIAN!F1259 | G101: =DEBIT_HARIAN!F1286 | H101: =DEBIT_HARIAN!F1317 | I101: =DEBIT_HARIAN!F1351 | J101: =DEBIT_HARIAN!F1378 | K101: =DEBIT_HARIAN!F1412 | L101: =DEBIT_HARIAN!F1439
A102: =DEBIT_HARIAN!F1105 | B102: =DEBIT_HARIAN!F1145 | C102: =DEBIT_HARIAN!F1165 | D102: =DEBIT_HARIAN!F1199 | E102: =DEBIT_HARIAN!F1226 | F102: =DEBIT_HARIAN!F1260 | G102: =DEBIT_HARIAN!F1287 | H102: =DEBIT_HARIAN!F1318 | I102: =DEBIT_HARIAN!F1352 | J102: =DEBIT_HARIAN!F1379 | K102: =DEBIT_HARIAN!F1413 | L102: =DEBIT_HARIAN!F1440
A103: =DEBIT_HARIAN!F1106 | B103: =DEBIT_HARIAN!F1146 | C103: =DEBIT_HARIAN!F1166 | D103: =DEBIT_HARIAN!F1200 | E103: =DEBIT_HARIAN!F1227 | F103: =DEBIT_HARIAN!F1261 | G103: =DEBIT_HARIAN!F1288 | H103: =DEBIT_HARIAN!F1319 | I103: =DEBIT_HARIAN!F1353 | J103: =DEBIT_HARIAN!F1380 | K103: =DEBIT_HARIAN!F1414 | L103: =DEBIT_HARIAN!F1441
A104: =DEBIT_HARIAN!F1107 | B104: =DEBIT_HARIAN!F1147 | C104: =DEBIT_HARIAN!F1167 | D104: =DEBIT_HARIAN!F1201 | E104: =DEBIT_HARIAN!F1228 | F104: =DEBIT_HARIAN!F1262 | G104: =DEBIT_HARIAN!F1289 | H104: =DEBIT_HARIAN!F1320 | I104: =DEBIT_HARIAN!F1354 | J104: =DEBIT_HARIAN!F1381 | K104: =DEBIT_HARIAN!F1415 | L104: =DEBIT_HARIAN!F1442
A105: =DEBIT_HARIAN!F1108 | B105: =DEBIT_HARIAN!F1148 | C105: =DEBIT_HARIAN!F1168 | D105: =DEBIT_HARIAN!F1202 | E105: =DEBIT_HARIAN!F1229 | F105: =DEBIT_HARIAN!F1263 | G105: =DEBIT_HARIAN!F1290 | H105: =DEBIT_HARIAN!F1321 | I105: =DEBIT_HARIAN!F1355 | J105: =DEBIT_HARIAN!F1382 | K105: =DEBIT_HARIAN!F1416 | L105: =DEBIT_HARIAN!F1443
A106: =DEBIT_HARIAN!F1109 | B106: =DEBIT_HARIAN!F1149 | C106: =DEBIT_HARIAN!F1169 | D106: =DEBIT_HARIAN!F1203 | E106: =DEBIT_HARIAN!F1230 | F106: =DEBIT_HARIAN!F1264 | G106: =DEBIT_HARIAN!F1291 | H106: =DEBIT_HARIAN!F1322 | I106: =DEBIT_HARIAN!F1356 | J106: =DEBIT_HARIAN!F1383 | K106: =DEBIT_HARIAN!F1417 | L106: =DEBIT_HARIAN!F1444
A107: =DEBIT_HARIAN!F1110 | B107: =DEBIT_HARIAN!F1150 | C107: =DEBIT_HARIAN!F1170 | D107: =DEBIT_HARIAN!F1204 | E107: =DEBIT_HARIAN!F1231 | F107: =DEBIT_HARIAN!F1265 | G107: =DEBIT_HARIAN!F1292 | H107: =DEBIT_HARIAN!F1323 | I107: =DEBIT_HARIAN!F1357 | J107: =DEBIT_HARIAN!F1384 | K107: =DEBIT_HARIAN!F1418 | L107: =DEBIT_HARIAN!F1445
A108: =DEBIT_HARIAN!F1111 | B108: =DEBIT_HARIAN!F1151 | C108: =DEBIT_HARIAN!F1171 | D108: =DEBIT_HARIAN!F1205 | E108: =DEBIT_HARIAN!F1232 | F108: =DEBIT_HARIAN!F1266 | G108: =DEBIT_HARIAN!F1293 | H108: =DEBIT_HARIAN!F1324 | I108: =DEBIT_HARIAN!F1358 | J108: =DEBIT_HARIAN!F1385 | K108: =DEBIT_HARIAN!F1419 | L108: =DEBIT_HARIAN!F1446
A109: =DEBIT_HARIAN!F1112 | B109: =DEBIT_HARIAN!F1152 | C109: =DEBIT_HARIAN!F1172 | D109: =DEBIT_HARIAN!F1206 | E109: =DEBIT_HARIAN!F1233 | F109: =DEBIT_HARIAN!F1267 | G109: =DEBIT_HARIAN!F1294 | H109: =DEBIT_HARIAN!F1325 | I109: =DEBIT_HARIAN!F1359 | J109: =DEBIT_HARIAN!F1386 | K109: =DEBIT_HARIAN!F1420 | L109: =DEBIT_HARIAN!F1447
... A117: =DEBIT_HARIAN!F1120 | B117: =DEBIT_HARIAN!F1160 | C117: =DEBIT_HARIAN!F1180 | D117: =DEBIT_HARIAN!F1214 | E117: =DEBIT_HARIAN!F1241 | F117: =DEBIT_HARIAN!F1275 | G117: =DEBIT_HARIAN!F1302 | H117: =DEBIT_HARIAN!F1333 | I117: =DEBIT_HARIAN!F1367 | J117: =DEBIT_HARIAN!F1394 | K117: =DEBIT_HARIAN!F1428 | L117: =DEBIT_HARIAN!F1455
A118: =DEBIT_HARIAN!F1121 | B118: =DEBIT_HARIAN!F1498 | C118: =DEBIT_HARIAN!F1181 | D118: =DEBIT_HARIAN!F1215 | E118: =DEBIT_HARIAN!F1242 | F118: =DEBIT_HARIAN!F1276 | G118: =DEBIT_HARIAN!F1303 | H118: =DEBIT_HARIAN!F1334 | I118: =DEBIT_HARIAN!F1368 | J118: =DEBIT_HARIAN!F1395 | K118: =DEBIT_HARIAN!F1429 | L118: =DEBIT_HARIAN!F1456
A119: =DEBIT_HARIAN!F1122 | B119: =DEBIT_HARIAN!F1499 | C119: =DEBIT_HARIAN!F1182 | D119: =DEBIT_HARIAN!F1216 | E119: =DEBIT_HARIAN!F1243 | F119: =DEBIT_HARIAN!F1277 | G119: =DEBIT_HARIAN!F1304 | H119: =DEBIT_HARIAN!F1335 | I119: =DEBIT_HARIAN!F1369 | J119: =DEBIT_HARIAN!F1396 | K119: =DEBIT_HARIAN!F1430 | L119: =DEBIT_HARIAN!F1457
A120: =DEBIT_HARIAN!F1123 | B120: =DEBIT_HARIAN!F1500 | C120: =DEBIT_HARIAN!F1183 | D120: =DEBIT_HARIAN!F1217 | E120: =DEBIT_HARIAN!F1244 | F120: =DEBIT_HARIAN!F1278 | G120: =DEBIT_HARIAN!F1305 | H120: =DEBIT_HARIAN!F1336 | I120: =DEBIT_HARIAN!F1370 | J120: =DEBIT_HARIAN!F1397 | K120: =DEBIT_HARIAN!F1431 | L120: =DEBIT_HARIAN!F1458
A121: =DEBIT_HARIAN!F1124 | B121: =DEBIT_HARIAN!F1501 | C121: =DEBIT_HARIAN!F1184 | D121: =DEBIT_HARIAN!F1218 | E121: =DEBIT_HARIAN!F1245 | F121: =DEBIT_HARIAN!F1279 | G121: =DEBIT_HARIAN!F1306 | H121: =DEBIT_HARIAN!F1337 | I121: =DEBIT_HARIAN!F1371 | J121: =DEBIT_HARIAN!F1398 | K121: =DEBIT_HARIAN!F1432 | L121: =DEBIT_HARIAN!F1459
A122: =DEBIT_HARIAN!F1125 | B122: =DEBIT_HARIAN!F1502 | C122: =DEBIT_HARIAN!F1185 | D122: =DEBIT_HARIAN!F1219 | E122: =DEBIT_HARIAN!F1246 | F122: =DEBIT_HARIAN!F1280 | G122: =DEBIT_HARIAN!F1307 | H122: =DEBIT_HARIAN!F1338 | I122: =DEBIT_HARIAN!F1372 | J122: =DEBIT_HARIAN!F1399 | K122: =DEBIT_HARIAN!F1433 | L122: =DEBIT_HARIAN!F1460
A123: =DEBIT_HARIAN!F1126 | B123: =DEBIT_HARIAN!F1503 | C123: =DEBIT_HARIAN!F1186 | D123: =DEBIT_HARIAN!F1220 | E123: =DEBIT_HARIAN!F1247 | F123: =DEBIT_HARIAN!F1281 | G123: =DEBIT_HARIAN!F1308 | H123: =DEBIT_HARIAN!F1339 | I123: =DEBIT_HARIAN!F1373 | J123: =DEBIT_HARIAN!F1400 | K123: =DEBIT_HARIAN!F1434 | L123: =DEBIT_HARIAN!F1461
A124: =DEBIT_HARIAN!F1127 | B124: =DEBIT_HARIAN!F1504 | C124: =DEBIT_HARIAN!F1187 | D124: =DEBIT_HARIAN!F1221 | E124: =DEBIT_HARIAN!F1248 | F124: =DEBIT_HARIAN!F1282 | G124: =DEBIT_HARIAN!F1309 | H124: =DEBIT_HARIAN!F1340 | I124: =DEBIT_HARIAN!F1374 | J124: =DEBIT_HARIAN!F1401 | K124: =DEBIT_HARIAN!F1435 | L124: =DEBIT_HARIAN!F1462
A125: =DEBIT_HARIAN!F1128 | B125: =DEBIT_HARIAN!F1505 | C125: =DEBIT_HARIAN!F1188 | D125: =DEBIT_HARIAN!F1557 | E125: =DEBIT_HARIAN!F1249 | F125: =DEBIT_HARIAN!F1618 | G125: =DEBIT_HARIAN!F1310 | H125: =DEBIT_HARIAN!F1341 | I125: =DEBIT_HARIAN!F1710 | J125: =DEBIT_HARIAN!F1402 | K125: =DEBIT_HARIAN!F1771 | L125: =DEBIT_HARIAN!F1463
A126: =DEBIT_HARIAN!F1129 | B126: =DEBIT_HARIAN!F1506 | C126: =DEBIT_HARIAN!F1189 | D126: =DEBIT_HARIAN!F1558 | E126: =DEBIT_HARIAN!F1250 | F126: =DEBIT_HARIAN!F1619 | G126: =DEBIT_HARIAN!F1311 | H126: =DEBIT_HARIAN!F1342 | I126: =DEBIT_HARIAN!F1711 | J126: =DEBIT_HARIAN!F1403 | K126: =DEBIT_HARIAN!F1772 | L126: =DEBIT_HARIAN!F1464
A127: =DEBIT_HARIAN!F1130 | B127: =DEBIT_HARIAN!F1507 | C127: =DEBIT_HARIAN!F1190 | D127: =DEBIT_HARIAN!F1559 | E127: =DEBIT_HARIAN!F1251 | F127: =DEBIT_HARIAN!F1620 | G127: =DEBIT_HARIAN!F1312 | H127: =DEBIT_HARIAN!F1343 | I127: =DEBIT_HARIAN!F1712 | J127: =DEBIT_HARIAN!F1404 | K127: =DEBIT_HARIAN!F1773 | L127: =DEBIT_HARIAN!F1465
A128: =DEBIT_HARIAN!F1131 | B128: =DEBIT_HARIAN!F1508 | C128: =DEBIT_HARIAN!F1191 | D128: =DEBIT_HARIAN!F1560 | E128: =DEBIT_HARIAN!F1252 | F128: =DEBIT_HARIAN!F1621 | G128: =DEBIT_HARIAN!F1313 | H128: =DEBIT_HARIAN!F1344 | I128: =DEBIT_HARIAN!F1713 | J128: =DEBIT_HARIAN!F1405 | K128: =DEBIT_HARIAN!F1774 | L128: =DEBIT_HARIAN!F1466
A129: =DEBIT_HARIAN!F1467 | B129: =DEBIT_HARIAN!F1509 | C129: =DEBIT_HARIAN!F1526 | D129: =DEBIT_HARIAN!F1561 | E129: =DEBIT_HARIAN!F1587 | F129: =DEBIT_HARIAN!F1622 | G129: =DEBIT_HARIAN!F1648 | H129: =DEBIT_HARIAN!F1679 | I129: =DEBIT_HARIAN!F1714 | J129: =DEBIT_HARIAN!F1740 | K129: =DEBIT_HARIAN!F1775 | L129: =DEBIT_HARIAN!F1801
A130: =DEBIT_HARIAN!F1468 | B130: =DEBIT_HARIAN!F1510 | C130: =DEBIT_HARIAN!F1527 | D130: =DEBIT_HARIAN!F1562 | E130: =DEBIT_HARIAN!F1588 | F130: =DEBIT_HARIAN!F1623 | G130: =DEBIT_HARIAN!F1649 | H130: =DEBIT_HARIAN!F1680 | I130: =DEBIT_HARIAN!F1715 | J130: =DEBIT_HARIAN!F1741 | K130: =DEBIT_HARIAN!F1776 | L130: =DEBIT_HARIAN!F1802
A131: =DEBIT_HARIAN!F1469 | B131: =DEBIT_HARIAN!F1511 | C131: =DEBIT_HARIAN!F1528 | D131: =DEBIT_HARIAN!F1563 | E131: =DEBIT_HARIAN!F1589 | F131: =DEBIT_HARIAN!F1624 | G131: =DEBIT_HARIAN!F1650 | H131: =DEBIT_HARIAN!F1681 | I131: =DEBIT_HARIAN!F1716 | J131: =DEBIT_HARIAN!F1742 | K131: =DEBIT_HARIAN!F1777 | L131: =DEBIT_HARIAN!F1803
A132: =DEBIT_HARIAN!F1470 | B132: =DEBIT_HARIAN!F1512 | C132: =DEBIT_HARIAN!F1529 | D132: =DEBIT_HARIAN!F1564 | E132: =DEBIT_HARIAN!F1590 | F132: =DEBIT_HARIAN!F1625 | G132: =DEBIT_HARIAN!F1651 | H132: =DEBIT_HARIAN!F1682 | I132: =DEBIT_HARIAN!F1717 | J132: =DEBIT_HARIAN!F1743 | K132: =DEBIT_HARIAN!F1778 | L132: =DEBIT_HARIAN!F1804
A133: =DEBIT_HARIAN!F1471 | B133: =DEBIT_HARIAN!F1513 | C133: =DEBIT_HARIAN!F1530 | D133: =DEBIT_HARIAN!F1565 | E133: =DEBIT_HARIAN!F1591 | F133: =DEBIT_HARIAN!F1626 | G133: =DEBIT_HARIAN!F1652 | H133: =DEBIT_HARIAN!F1683 | I133: =DEBIT_HARIAN!F1718 | J133: =DEBIT_HARIAN!F1744 | K133: =DEBIT_HARIAN!F1779 | L133: =DEBIT_HARIAN!F1805
A134: =DEBIT_HARIAN!F1472 | B134: =DEBIT_HARIAN!F1514 | C134: =DEBIT_HARIAN!F1531 | D134: =DEBIT_HARIAN!F1566 | E134: =DEBIT_HARIAN!F1592 | F134: =DEBIT_HARIAN!F1627 | G134: =DEBIT_HARIAN!F1653 | H134: =DEBIT_HARIAN!F1684 | I134: =DEBIT_HARIAN!F1719 | J134: =DEBIT_HARIAN!F1745 | K134: =DEBIT_HARIAN!F1780 | L134: =DEBIT_HARIAN!F1806
A135: =DEBIT_HARIAN!F1473 | B135: =DEBIT_HARIAN!F1515 | C135: =DEBIT_HARIAN!F1532 | D135: =DEBIT_HARIAN!F1567 | E135: =DEBIT_HARIAN!F1593 | F135: =DEBIT_HARIAN!F1628 | G135: =DEBIT_HARIAN!F1654 | H135: =DEBIT_HARIAN!F1685 | I135: =DEBIT_HARIAN!F1720 | J135: =DEBIT_HARIAN!F1746 | K135: =DEBIT_HARIAN!F1781 | L135: =DEBIT_HARIAN!F1807
A136: =DEBIT_HARIAN!F1474 | B136: =DEBIT_HARIAN!F1516 | C136: =DEBIT_HARIAN!F1533 | D136: =DEBIT_HARIAN!F1568 | E136: =DEBIT_HARIAN!F1594 | F136: =DEBIT_HARIAN!F1629 | G136: =DEBIT_HARIAN!F1655 | H136: =DEBIT_HARIAN!F1686 | I136: =DEBIT_HARIAN!F1721 | J136: =DEBIT_HARIAN!F1747 | K136: =DEBIT_HARIAN!F1782 | L136: =DEBIT_HARIAN!F1808
A137: =DEBIT_HARIAN!F1475 | B137: =DEBIT_HARIAN!F1517 | C137: =DEBIT_HARIAN!F1534 | D137: =DEBIT_HARIAN!F1569 | E137: =DEBIT_HARIAN!F1595 | F137: =DEBIT_HARIAN!F1630 | G137: =DEBIT_HARIAN!F1656 | H137: =DEBIT_HARIAN!F1687 | I137: =DEBIT_HARIAN!F1722 | J137: =DEBIT_HARIAN!F1748 | K137: =DEBIT_HARIAN!F1783 | L137: =DEBIT_HARIAN!F1809
A138: =DEBIT_HARIAN!F1476 | B138: =DEBIT_HARIAN!F1518 | C138: =DEBIT_HARIAN!F1535 | D138: =DEBIT_HARIAN!F1570 | E138: =DEBIT_HARIAN!F1596 | F138: =DEBIT_HARIAN!F1631 | G138: =DEBIT_HARIAN!F1657 | H138: =DEBIT_HARIAN!F1688 | I138: =DEBIT_HARIAN!F1723 | J138: =DEBIT_HARIAN!F1749 | K138: =DEBIT_HARIAN!F1784 | L138: =DEBIT_HARIAN!F1810
A139: =DEBIT_HARIAN!F1477 | B139: =DEBIT_HARIAN!F1519 | C139: =DEBIT_HARIAN!F1536 | D139: =DEBIT_HARIAN!F1571 | E139: =DEBIT_HARIAN!F1597 | F139: =DEBIT_HARIAN!F1632 | G139: =DEBIT_HARIAN!F1658 | H139: =DEBIT_HARIAN!F1689 | I139: =DEBIT_HARIAN!F1724 | J139: =DEBIT_HARIAN!F1750 | K139: =DEBIT_HARIAN!F1785 | L139: =DEBIT_HARIAN!F1811
A140: =DEBIT_HARIAN!F1478 | B140: =DEBIT_HARIAN!F1520 | C140: =DEBIT_HARIAN!F1537 | D140: =DEBIT_HARIAN!F1572 | E140: =DEBIT_HARIAN!F1598 | F140: =DEBIT_HARIAN!F1633 | G140: =DEBIT_HARIAN!F1659 | H140: =DEBIT_HARIAN!F1690 | I140: =DEBIT_HARIAN!F1725 | J140: =DEBIT_HARIAN!F1751 | K140: =DEBIT_HARIAN!F1786 | L140: =DEBIT_HARIAN!F1812
... A145: =DEBIT_HARIAN!F1483 | B145: =DEBIT_HARIAN!F1525 | C145: =DEBIT_HARIAN!F1542 | D145: =DEBIT_HARIAN!F1577 | E145: =DEBIT_HARIAN!F1603 | F145: =DEBIT_HARIAN!F1638 | G145: =DEBIT_HARIAN!F1664 | H145: =DEBIT_HARIAN!F1695 | I145: =DEBIT_HARIAN!F1730 | J145: =DEBIT_HARIAN!F1756 | K145: =DEBIT_HARIAN!F1791 | L145: =DEBIT_HARIAN!F1817
A146: =DEBIT_HARIAN!F1484 | B146: =DEBIT_HARIAN!F1863 | C146: =DEBIT_HARIAN!F1543 | D146: =DEBIT_HARIAN!F1578 | E146: =DEBIT_HARIAN!F1604 | F146: =DEBIT_HARIAN!F1639 | G146: =DEBIT_HARIAN!F1665 | H146: =DEBIT_HARIAN!F1696 | I146: =DEBIT_HARIAN!F1731 | J146: =DEBIT_HARIAN!F1757 | K146: =DEBIT_HARIAN!F1792 | L146: =DEBIT_HARIAN!F1818
A147: =DEBIT_HARIAN!F1485 | B147: =DEBIT_HARIAN!F1864 | C147: =DEBIT_HARIAN!F1544 | D147: =DEBIT_HARIAN!F1579 | E147: =DEBIT_HARIAN!F1605 | F147: =DEBIT_HARIAN!F1640 | G147: =DEBIT_HARIAN!F1666 | H147: =DEBIT_HARIAN!F1697 | I147: =DEBIT_HARIAN!F1732 | J147: =DEBIT_HARIAN!F1758 | K147: =DEBIT_HARIAN!F1793 | L147: =DEBIT_HARIAN!F1819
A148: =DEBIT_HARIAN!F1486 | B148: =DEBIT_HARIAN!F1865 | C148: =DEBIT_HARIAN!F1545 | D148: =DEBIT_HARIAN!F1580 | E148: =DEBIT_HARIAN!F1606 | F148: =DEBIT_HARIAN!F1641 | G148: =DEBIT_HARIAN!F1667 | H148: =DEBIT_HARIAN!F1698 | I148: =DEBIT_HARIAN!F1733 | J148: =DEBIT_HARIAN!F1759 | K148: =DEBIT_HARIAN!F1794 | L148: =DEBIT_HARIAN!F1820
...
